"1FfmbHfnpaZjKFvyi1okTjJJusN455paPH	701715",,,,,715793
"1933phfhK3ZgFQNLGSDXvqCn32k2buXY8a	184223",,,,,749627
"17ewBhK712mY2E4uPAbinThibdY2LRyabd	935973",,,,,150215
"1CbR8da9YPZqXJJKm9ze1GYf67eKAUfXwP	877499",,,,,493587
"1FeexV6bAHb8ybZjqQMjJrcCrHGW9sb6uF	396056",,,,,450911
"1HQ3Go3ggs8pFnXuHVHRytPCq5fGG8Hbhx	600304",,,,,466794
"1GLEtzJ1H2zoGrUA4RMbRJam5UJSdrk6T2	897358",,,,,972029
"16cou7Ht6WjTzuFyDBnht9hmvXytg6XdVT	428391",,,,,785453
"1P3S1grZYmcqYDuaEDVDYobJ5Fx85E9fE9	684969",,,,,921559
"1MuYkciQTfRsU94ReAe5MiAfUpCrbLBcFR	160257",,,,,789573
"16unci4w6erqKNFYAGYTVUyJUsXV9EUH28	633378",,,,,621113
"1QAHVyRzkmD4j1pU5W89htZ3c6D6E7iWDs	294089",,,,,774290
"14j6jLececs66ZQ8ew6vTFNiEn2NupacWJ	594708",,,,,578853
"1cXNTyXj4xPGopfYZNY5xfSM1EPJJvBZV	538377",,,,,696525
"12HddUDLhRP2F8JjpKYeKaDxxt5wUvx5nq	920965",,,,,115537
"16Ls6azc76ixc9Ny7AB5ZPPq6oiEL9XwXy	120732",,,,,621540
"15h6A2a3D31vRviBDdSpvhLtYJq3aePhdW	831479",,,,,583106
"17UUsmejDsjJEtbRcotd289ADp7ZdanH5k	621190",,,,,385611
"13Df4x5nQo7boLWHxQCbJzobN5gUNT65Hh	344688",,,,,708553
"1BvX9foyn81QZbwyPFBK9SkeWJqWiYp4Tu	484244",,,,,838240
"14o7zMMUJkG6De24r3JkJ6USgChq7iWF86	991441",,,,,403532
"159SCycgn8weAy2XGUEhD6V1RTFni7E3iq	556445",,,,,364834
"16ZbpCEyVVdqu8VycWR8thUL2Rd9JnjzHt	554000",,,,,369504
"1KiVwxEuGBYavyKrxkLncJt2pQ5YUUQX7f	824349",,,,,561361
"1PnMfRF2enSZnR6JSexxBHuQnxG8Vo5FVK	670897",,,,,903154
"18f1yugoAJuXcHAbsuRVLQC9TezJ6iVRLp	846077",,,,,889555
"13ssxUjmQqemuiBfJSBsr7gFX7UWU7uXNK	210881",,,,,654737
"14e7XAZbepQp9MXXzjNG3fNLoAUpaBAXHW	199898",,,,,844390
"12ib7dApVFvg82TXKycWBNpN8kFyiAN1dr	159726",,,,,987418
"1PB4xXUFyy4kSNqroCBVaQuCuw9VcN3be4	257539",,,,,699929
"1ABS7zUZP76NjNYs9DLoWnKfZFTR7WLrAM	824713",,,,,686325
"1EBHA1ckUWzNKN7BMfDwGTx6GKEbADUozX	987291",,,,,212465
"1EECyYDrjCBk39f2gKSsbcXLpRWu5pu1MF	325320",,,,,502561
"1DiHDQMPFu4p84rkLn6Majj2LCZZZRQUaa	486697",,,,,326774
"194DnvmLR2HULRvxUsVag8mn2fm7dA3U2B	440984",,,,,386630
"1MyGwFAJjVtB5rGJa32M6Yh46cGirUta1K	363745",,,,,251344
"12tT4cSjRRsncwwv1YUKnbXuouaMfT5DnN	874745",,,,,376686
"1F1tAaz5x1HUXrCNLbtMDqcw6o5GNn4xqX	875691",,,,,631547
"12tkqA9xSoowkzoERHMWNKsTey55YEBqkv	681615",,,,,240703
"14yDRQyQozHddRXZ6PsJGGWgCfBhxda1dS	409217",,,,,546219
"1KWEd2K6XhFSQtN7wyCoyBMvutWiMe9tBq	460888",,,,,913740
"1Kf33BbrJDuAVC91w9ACtRgf6KJrLWSkHV	680787",,,,,821243
"12WFth5HabiVrcj5waHtDP1b7gXSQPuDPz	999178",,,,,387121
"12JXuXqTyHiQbXmEMZ9PQ6BJ5SrLo8De2t	881690",,,,,175920
"1JsVdtXZHKnuzUihEjCPyRm5EEcxRjWGEh	234446",,,,,462943
"1Gnhy34EBtz9ftQdGZooGTpVE6E9wL2VZN	673327",,,,,438172
"12fZ2HxkLjG9zn1u44XYsFFYKHM4A2zCea	574584",,,,,278097
"13NA7X1u18CgGa7RzTDyvuuoLJtLRvXgke	267350",,,,,390825
"1PeizMg76Cf96nUQrYg8xuoZWLQozU5zGW	315751",,,,,960203
"19vWUsLH7G6yQH484r3n1GodLEoLivWHJg	531035",,,,,986986
"1GBospM4VzVx7JZDw4Fmeh59qbXG3LtsEy	940141",,,,,690434
"1Gdciv8j4UXhph4eGDCFAWwp7KLvKKno79	706531",,,,,625654
"1GgBrwZ6XWhJQYYcA2gV6HEG3AP1doFzHs	179651",,,,,183097
"15HNu6qbdqEE9tUbN6uHcDNJWWaBSEGZ7R	766005",,,,,552474
"1PHzxXQE3JGvAyhLatSRhfD45pmdQEieFB	300037",,,,,994022
"1CJBqJ3MwUVVNsqXpJx8Aecc3PWxSWPmUc	904818",,,,,219043
"1LDWDufjU5ATbozDZY3uChb7oPAbDaiB7K	518241",,,,,752452
"19tuxqhzgwC6B9hhLHDLJkocx8LaaCS56s	420603",,,,,406174
"19ere2oJzJh81A5Q64SExDZYz54RvWHqZz	248961",,,,,720592
"19MUDPGDMVMdT3JrV4i1XBcvDLffMBGD6F	728018",,,,,789354
"1KX8EPDcziwbGaC7oDHDuKE9SfLWMmmbZy	302481",,,,,688757
"1FFdjbL11WpK5Y7gsH5hYetXN4QjsxGU9R	133523",,,,,974399
"1MziobuBLErusgDjB1sDDK26vfJXEMX7cN	199493",,,,,735222
"1MHdm5XZMrfoZFoUktEaGhYevmdiXoc4x4	384451",,,,,166470
"1AKU6fsr5amt3XAvxaYoCPDe8vkhrfk4WU	769552",,,,,142554
"1HktZquxWcseRTkkSTPWSVtL2Cfdhus2sj	155261",,,,,964940
"1Jd5HDN68UQB2WT3F1vvufoXgDis6t4Gxk	452180",,,,,456746
"1FVcMfHXPp8JSCduYyELzQZf6X4tSv89ho	889195",,,,,314109
"199TDefoSBcYK9cGPeRpYkgyDAaxDyHbhH	290108",,,,,855880
"17Jj4eNGBUEdBJEorViEieZ8W87ELXKgu7	123697",,,,,301632
"143mSq8381Q1HmPUodkVdkFpeNBDCSnDhD	589398",,,,,960252
"1DvQK76mtuYjkrwSnW2tZPyjby8wAFRjEy	821538",,,,,362532
"1LizTeRZKA2MhdjjzCcFpvqfSRYSunrCsW	358814",,,,,851751
"1HxoFaq36tAvAsXMzwcmRDoBK6CTZiek4C	158334",,,,,135207
"1ChEiRkykJ1bQbEZ8kM6FGrNGJYFbAqo2f	696655",,,,,701761
"1F34duy2eeMz5mSrvFepVzy7Y1rBsnAyWC	117600",,,,,757855
"1FpqQnKQCgDkJFMC94JL8FpRyHTZ3uRVZ1	154406",,,,,460199
"1BnkEt2ceoVhnQVrqeAzigcroQ6MVyxFey	530890",,,,,793134
"1f1miYFQWTzdLiCBxtHHnNiW7WAWPUccr	406545",,,,,236239
"1GaUYQmgfJXYJBcwhQjsDXxh5bqu8aWwYa	977267",,,,,857487
"145YHsQU7HMzkRnD5SBSuFAzQgCYnAnLkN	665560",,,,,441621
"1P1iThxBH542Gmk1kZNXyji4E4iwpvSbrt	397570",,,,,690261
"12dUggmXPYsPVHaHr1DoW5J6bb6gvh4yZq	316119",,,,,298721
"1JtpgqCf3SSeCeYWEDJjkfYFH7Ruhy4Vp1	662517",,,,,238425
"1Du2jAQsBQnkkVZkN4oqC46tS78k7WMkVq	764170",,,,,483850
"1CPaziTqeEixPoSFtJxu74uDGbpEAotZom	422046",,,,,913427
"1Le6MkiTvkorvC1JwYXzQUSfqA3ebzGW7N	191168",,,,,867908
"1KbrSKrT3GeEruTuuYYUSQ35JwKbrAWJYm	552210",,,,,692766
"1EyArywoLEhFto6uKWMxA9QKXJWLTNghsz	587540",,,,,963762
"12tLs9c9RsALt4ockxa1hB4iTCTSmxj2me	823518",,,,,260599
"1DJSiWg6Ci6DLmxZFjVNBKn9CcahLFx5gS	310983",,,,,114796
"14YK4mzJGo5NKkNnmVJeuEAQftLt795Gec	904643",,,,,324271
"18k9tin39LKegFzHe8rxSgvJXDpuMriGJq	888666",,,,,973751
"1AM5xJLHAenvTdzRDh6rv5TUFJm84W4uvT	820927",,,,,827180
"1ucXXZQSEf4zny2HRwAQKtVpkLPTUKRtt	211653",,,,,671073
"16qBQ6cs4R76gwAF85XF8tdxscz8fGjoJr	671927",,,,,632699
"1NN2bPz6gLYx7cquCscw918npUVBdD9Lmu	276966",,,,,663936
"1BAFWQhH9pNkz3mZDQ1tWrtKkSHVCkc3fV	440216",,,,,920276
"18BgWxZRdoCc21tdDPTNuEqREAofBnwG7M	655309",,,,,720433
"189ivm7yVJrktRWE7KwcxrU27U3SMCh6mp	801718",,,,,517466
"1FfdcppWbJ7FeQFznsjdLYNXdwMdoiTGSA	551871",,,,,159826
"1MwfKa2K29eP88wBYqYZSRrfjn9AnpBxXs	766817",,,,,693351
"16g2TW2hbFoov3DThSRBdnETaS94bFvq5v	731657",,,,,246870
"1JSgv2m1uQSBJ5vpfR9dMiGBC9ZuUnAmmq	854935",,,,,280496
"1GD8Qh7ebmvdaB8Ampcq8qZqNPr78nzjSP	180384",,,,,585209
"16HC2oNNjmhXgGqf4YYZwSfRK4meVpAGm7	407987",,,,,991765
"1HLvaTs3zR3oev9ya7Pzp3GB9Gqfg6XYJT	228053",,,,,399439
"1NoTNPjGtQPN3VX2as5vh747MZ6tKmQTeU	389341",,,,,149959
"167ZWTT8n6s4ya8cGjqNNQjDwDGY31vmHg	724987",,,,,263237
"14nUfdGHXZW6zNQw63sxaQNPo9wJT4ZMFc	955991",,,,,954078
"1BJRh85nGzcuKvC4YaHBzCPxSk9j3CLm42	824764",,,,,379040
"14KnxEtbGzxQmcHfTegaCyasVzBpKMF951	231930",,,,,541530
"1Hqxt2C8M9xb7PVfzuVHxdKjMpVExWyCkn	720441",,,,,355801
"1LrzZ4SUdgB7vjeWEhcDNK3e2b86w8Fh6w	394006",,,,,165894
"1EFJUipfCHFmmTFkF9vvjFKdBf3VbfvarM	532084",,,,,294488
"18zuLTKQnLjp987LdxuYvjekYnNAvXif2b	905117",,,,,411598
"1Lptt8BpsANUNdkysWSornsbmBK88bYrNt	173555",,,,,859420
"1CE1UVynyKLNWqziFM82UJ51FTGUT8q2EV	483976",,,,,698795
"19aELXhz6QvuNuWFH7YFtd3a4XToCDhiVL	692632",,,,,221024
"18E5DT8dYGzeNDPN26HJa9YNLtAt5QStty	397462",,,,,543183
"198aMn6ZYAczwrE5NvNTUMyJ5qkfy4g3Hi	263172",,,,,464028
"14KeJJUxGeXVNfTeT3DLjdzDKn3okYixcd	263454",,,,,228488
"1wiYByyCBbNo52s4py89Rxp8b2AwDLX6n	135675",,,,,291661
"199kVcHrLdouz9k9iW3jh1kpL7j9nLg7pn	971288",,,,,149899
"19eAxqvy3F3i2yNMWNjzwcKbSnMn9kpG1Z	362212",,,,,714936
"1J9ovKpRTegNdvmfpBu7txhR7MoUX2hJEH	225697",,,,,487581
"1FbWn65JcVat43BdizzuQGERvv4tjGShQN	314088",,,,,761842
"1GcyDyefnsraDV9rU9L4r79GDmxe8KULj9	693755",,,,,126051
"1KvfcovLAxfshSFjCviD6BrPXeyPJJg247	874641",,,,,229723
"1CS5znbqtkA8N9EmavNJSRiiZkG5MGoFD9	716917",,,,,527669
"15Z5YJaaNSxeynvr6uW6jQZLwq3n1Hu6RX	637888",,,,,373533
"13uraL1Maba7obbhkdB4pjsqMyvqrcTeeD	917801",,,,,816931
"1KZuArAUDvjgywt127dPKMdJzzA8bSkGrq	594449",,,,,779529
"14WTJwqfcSHKiswb49ytQktWKbx1bqTXLR	161331",,,,,300788
"13Mu4HhLD4YWPbji62HPLj3p1S54ZVzkvT	594780",,,,,559265
"1FLFnbN7m5psLfvLEwYfRUUjJ34YkmV3dM	342251",,,,,957122
"1e6AzmPF35S3JTE8QMXD3k7oczJ7QgCSa	340992",,,,,479695
"154Fc9uwKrpNjqdv413En9cK1VN8PwUqfW	288040",,,,,335877
"1UaizTd5Wy3p7pLiEfo9yfVS7LnN8D58W	273756",,,,,979771
"19k33WqEgxYQyyRtJdedp9FApmnvhRov48	263843",,,,,694937
"17RAU2bj37kdLdC7dSiqtbsDWv1y4kTvsL	451935",,,,,272382
"1EwCGP6CjkPCbwUwfx8u3KJYsnJkYJDnLz	955191",,,,,685687
"1DzjE3ANaKLasY2n6e5ToJ4CQCXrvDvwsf	596828",,,,,824864
"17DtdyZHCwSjGq3RzhZgVsQe53Sw4uJX5i	409430",,,,,988448
"1582aztWruhAGUuPU8DwKZahLXtfH3WjB4	903660",,,,,861268
"1FJuzzQFVMbiMGw6JtcXefdD64amy7mSCF	315498",,,,,480608
"15CVvbJfu13bTamMMEcmZhRdBUbwvFTMtH	249653",,,,,695430
"15MoU3guLtmvCginTt4ieP3W2YXaK9U2Yn	796121",,,,,157921
"1FR8wjotgPmzTx7GmhW3WeXE39rHJbCvLV	242010",,,,,663999
"1AYLzYN7SGu5FQLBTADBzqKm4b6Udt6Bw6	373293",,,,,730594
"1HatxjQU2BAHL4BRaYtoJrLbk9Pk8dUffP	363055",,,,,609633
"12HUyZeNFqk4db2EM7GY5e6homTVTpPd7Z	952445",,,,,603793
"1MbcZkfjkWdEEeC9r5pq5XRBDRcKUCsg9h	780371",,,,,703801
"1FmDXCFVPhF5i7Nt1j6d1S9JkENtwZoLqX	437517",,,,,230398
"1JxmKkNK1b3p7r8DDPtnNmGeLZDcgPadJb	808149",,,,,139400
"19mfTX5NpwwYjLqbAM8BQAxsNgfd7GESc5	880380",,,,,720272
"18ULM1PvdLqEjoS7NVuUjGC3XCj8MPPk6m	455584",,,,,132584
"1LBBmkr9muf7RjjBbzQQvzNQpRRaVEnavs	803526",,,,,754231
"1KfB1FKWeLWV62BuoZUC8LTFMFwJQTfKMj	380128",,,,,573708
"1JdTWTAubsDWXWd7wcsFwMuSapMBh6efrQ	925073",,,,,487101
"1EPEbpw8fep3tTUqDPfwE7UDAVuvtokSp3	730474",,,,,960647
"1EXDF4fvjRozJ96TjF4SPN7rbTx2ik6Dsd	851951",,,,,254521
"1PcUamJUkRFNjjaPTQdrk1ayogMXVe5X8b	662174",,,,,612307
"1MUfxF2uEExT4xdfmFZivPLaSuhNLkjbgf	901424",,,,,321231
"1M26BJnu2yhsTPCV91iaotdbTjRBM7NjR1	223413",,,,,251646
"14cFtaSchGHVy1SwiXY85tKrpUBWzauyw3	455761",,,,,116937
"1JwZSXoSqNvKPNmTSqwGLq7eao9Y9Xr2nW	400270",,,,,940472
"1PqeMdCUq8rd7yywbkhoW8oKQZSUEyoddF	926432",,,,,671911
"18CkY379YXpox7Gxee7bfKuSu2TV47TGV	341832",,,,,601339
"16hL9BVUgjATSHPU72MpD4E38JhqxDuFnn	733659",,,,,182366
"123d9sz8usEn3Pfy6PdupZtTK9PXZd634L	233301",,,,,927237
"1J4pU9RpwdjbXaKegvuaotmn7mYPpDMzgu	412268",,,,,367770
"1NzM1bdTKuK9z3pQUCc1raXPezYUenSNWj	970126",,,,,753572
"1kmGdkFoLatLh92EBBLkVPNT4sKbc3ryq	270636",,,,,854398
"1PQQcJ4hB5xXpC4eRuhQhi8CUcxCPhtb1C	832213",,,,,343765
"1HB2nvhVp8KweLj3gUEZrpDBiCqGv8GBan	441074",,,,,238970
"1Ea7HC4vLpUEtpZppYqjMekYVPSpDgdZ7	900606",,,,,936467
"18xGHNrU26w6HSCEL8DD5o1whfiDaYgp6i	614588",,,,,946742
"15i4YGvgFkHtMdT4WZRPzEpxQBZeoGbXMg	594853",,,,,232756
"1LA9i9wu86aMQtz4Z67z3TT4q8iwE9Gt5Q	871605",,,,,507518
"13athf6A7n9uwdCm6YqbZdLdvr5WvqcBz9	556582",,,,,340636
"14RKFqH45xYPMpW4KQ28RB6XtrZ8XpEM5i	978886",,,,,530155
"1gnLwt2SHAKDLA1UGGzJ1zhcxPuEznruT	965209",,,,,719616
"15n6boxiQj45oHcmDjtNMjh35sFWZX4PBt	568916",,,,,491839
"1CuykSzXMVEQ6W6ewEM4qwEwM17QPRKpeL	678938",,,,,395745
"1LRGw8dXN9FTFNLeiZSxLAseMKiwM166bE	722822",,,,,640738
"1BFpgwwwUpuy3cFjaiTVWCUPCeasCkB9FD	373275",,,,,535476
"13cy5rpXG9Wv998Dr8pUYhMYP7CF9Nrwtv	157774",,,,,963991
"134HnbCZCxXjJ72Rkb22kpXQx9P3zuBgE9	800200",,,,,833111
"1M1yGgeQbFQ7fbn5wxw7sTSVopRiGEZpeX	997426",,,,,144833
"1MHX1NcT6jFgP5kuQaJgynSSTUNuj5CTXC	669577",,,,,364838
"15M4vAaD9TKc3uvKDQzUeFdncox8P2LHWx	343832",,,,,268542
"15c5Yt9BdGN7JKxfSxRJRSoYF9dBEFEpSi	862981",,,,,415547
"1KWh52aPZ9pWzhBT2ugTXTSznRAFTj6dcx	929079",,,,,788988
"1eGtz8SqNSkfhP4LhuBaHQKaus6EQSPU4	855359",,,,,894680
"1LNmPzKY3VGnSRjjCvnkKCmjvvWJyTxeS4	624558",,,,,167320
"1KND4UL2xD3a1c4je1aZYqixc2P2PSqric	654037",,,,,539637
"1QAwdPCUyqQLB1Sdxo8rMFyMqueWrK4PH5	443299",,,,,847500
"14ZdCmTKHNGP6vKCiivaigrJFPSSZYqzag	231704",,,,,271782
"19XZS4EKsFEg2RL3sE5kUiLmUYRz4vWGxY	975094",,,,,329310
"12mS3W2yr6TSFhf5juS9ikR5B1BFrrQ9sH	216874",,,,,944975
"15UFcPUEtusMKWtSPmuoLGVAMYQPxXCUya	389539",,,,,210317
"13d9MtdzLpxo6LxxWr68GXqC74SnwGXp4Q	921297",,,,,801628
"1MuUZyGDW3WSRTd2Z3vGNorxhRH5GS9AeT	674022",,,,,428226
"12ipFNgY1zKmim947YuGitwqu2qcPwCPZX	206832",,,,,742435
"1J11PoekpogBtzWs3SHkh7gWTLRJ8GiXDE	198707",,,,,635419
"1EnvqDZBffjx1Yxv3vb8DKZTGScoCJyazY	830790",,,,,540331
"1CfuwXRg7Uru9Kft62uTV5HR3uqu5FM6t7	568060",,,,,867035
"1AP3gXXVH5oegCAdDCS1ZitVLXuBPkVkbE	159362",,,,,622450
"1JBLCEKuLoFjReNgxLh1aVBySyQsBj27SU	193827",,,,,429829
"1FNg93dNywTrjNoXvHcULSVMEhtdYTd9tk	322462",,,,,772777
"1J4ZWhsMkRsQ1mRDMQ5ALQmozJLo1AJpjZ	321113",,,,,305136
"13ijiC3wCVbNfgmHcDNnvniiQ7nKRoCS4J	644845",,,,,329574
"1P5CMX2FurLyUjvqNxF4CxsRirZSqiomsY	646214",,,,,447996
"1ARWCREnmdKyHgNg2c9qih8UzRr4MMQEQS	796632",,,,,830565
"16Wxe4F74sCurJknkQXAMCch2d2QLKWjFJ	365575",,,,,121125
"1DL8vbHUo81UEQCnY659dJuUM8SiWEtWE9	528873",,,,,197591
"16YeWWtMi3yoy1yrr9dV6c8wt6MKCAeGYK	977334",,,,,573050
"18ErBoVtqbgvWZmihXZhFGfyuDUzbkkWb9	464359",,,,,826250
"1ADhC4AUif8YTJKh7K4VFkW1D8TpqWdpuX	788136",,,,,199938
"1F5GHGyAQpxG2SA6a1ittNbsdEm4kNmJdi	992640",,,,,765996
"1JevQLpYsKAt2STFZWmQ8TTAfjSC8RTGdJ	435041",,,,,745743
"17na83aXEao3jfXJXEN4uuvchgAjg1Mw1S	614201",,,,,131979
"1494KLjiYyUKawJJAQ9MuTDG9DDMxFiahC	565577",,,,,511118
"19t7WpE7jM3APXAEw8yxhw33Gf1sGn171X	828115",,,,,288648
"19gcFHwMWz1GqqfsJfDSexcwcJquvkfZ1F	861794",,,,,539941
"1AGjFTYb3kHm1qXKuQTC8oXZ2nAx78kn3s	617204",,,,,227784
"1H8h2deAE4b7x41v2EQeoCKb35sxHQhYq4	565014",,,,,678262
"13Jy62qYqkjDAsMfrN11cGRveAJR3FAKVx	517342",,,,,197924
"1JTCqnn577AkQNVzg6i1ww4WFjESBLGZ9N	394592",,,,,267594
"1PNNFz5u2qy9xstrHmBR2Z5dERmad1Ku3j	791469",,,,,815259
"1L6i1X7XfjJ7F43eVEBwH6dmfrGrgZoikq	746353",,,,,194218
"16SrS9PSgXpEmS4i6Vxef7HDbFCWzt3ZbC	111333",,,,,478998
"1pdMAQEyFNSgN4RU4BF1bMWHjFgumXcnj	115602",,,,,502603
"1La6D1DR7CgbysSubCJD65c5T1FSrRJFjZ	797211",,,,,164467
"1BvNwfxEQwZNRmYQ3eno6e976XyxhCsRXj	356046",,,,,224468
"1593ApGCWYpYrHw9PcVEAHQZUa7czsZJ6x	716090",,,,,877850
"1C3RkzSx7bBoF7qqVAqsguw3MHetJW8HTA	257957",,,,,960425
"14xKwQBCFjcXGDbUh2Kfvji5LfQ17NwoLq	554966",,,,,372631
"1DKse1LorFFTjYN9iywfwHgwVag6D51sek	171945",,,,,891319
"1MsJzc4z3PD2gmuMzzdvBh55EeW8bXFCsw	335133",,,,,880686
"1Am7KgZ3oR3oVEkJXfXXHPNr4fSC4BZToJ	648431",,,,,161519
"1BkzGXp8C7smD6eX1BoLevMK3wjm2HY4Xw	616854",,,,,911730
"1B75XxNW8ntwVDBPauxcWuyeLsasoYd7Vx	858282",,,,,621948
"13KnPqSmSPi5x34wFL2qa3VXhhHo6siAop	931409",,,,,662803
"1GhJiDaFE1d12QHso9NpehCLwrz26wGDxX	230181",,,,,814999
"1Miy5sJZSamDZN6xcJJidp9zYxhSrpDeJm	268526",,,,,377894
"1FguQeT58HnaRYS7wyQArvpttEA2NaJgmD	891768",,,,,959176
"194cVTbDfCyZn3Jcmnkq9GB4XZTo2EpCXi	153605",,,,,897718
"158VwcVWSR218xXHuHsb4khcFvYU2wkcMh	832232",,,,,426040
"1DrCf6zvHk5FhGjiuU6xUAcfKkNcpzaM8q	337763",,,,,774490
"18d1zZzxSMD5zLF2hwCMwf78zSmPsUe6ar	892483",,,,,257804
"1AeH1iq8XY6bciP8GEcdy88Br9EAWKTfiw	387745",,,,,505656
"18fPHPUGy2r5yaJ5o9NL1e7HejHh2cii6v	681711",,,,,466040
"1EWKjWLmuaLoqzpAt9kidnafiGeupQysPe	825523",,,,,114768
"1GziFyPigo9RQC3J4EGuek6k6G39XMmV3d	410254",,,,,620413
"1QBWQZpM3qRDdwdfo6VmPTN7TBXmrr9rFX	851802",,,,,385544
"1Pm6KBshhQLw5U9gnNSu5Rr9MS239UGqJg	860743",,,,,905006
"1HfSfbFS9r3WgXXXH5i4cjZ1A3UkGx5GRp	357567",,,,,153120
"1M1RdciqSA93SAtPHbXXoLU7FfmiAKRrRZ	575602",,,,,719645
"1c3SGQfjW6GH1XWVxiTZnMssV5R9B23oW	867084",,,,,458472
"1LDipoYVWA7UsFzWrrcXUGLnsXWuYaJB9f	944985",,,,,740277
"18PWyzecS4QyT4SVHfA9f5w8Pf8UR3UN1K	127392",,,,,127843
"1LX7SUPBWDQ7MshgdVhwK3iDNwhLszMH1A	543073",,,,,355242
"15J4xFqf2Bkp3Yfm79iM6zuteNjC8tpYjb	547871",,,,,899798
"1ARuqWRCdusidZdB8j1T94zXtUVszzMvmt	736050",,,,,157811
"17AVbnbgEAfDXAmHyzpfFsCJfSY69mczxq	505124",,,,,754984
"1BgSX69ky6xWnGXdpGms8KXavAdjUREvgj	216676",,,,,813837
"1BicLgaUkvLf7vHT37eupnuWwkmcZS9wjD	379078",,,,,698898
"1Bh6QJxLEwmvtwFm23CZNfcwquoc4VUuLT	966015",,,,,188196
"1AqJ5LURhQSRTqQSbE9zr1AzEqJb2gGZd6	972148",,,,,552930
"1LXrSb67EaH1LGc6d6kWHq8rgv4ZBQAcpU	266372",,,,,354448
"1EEyvJH1SA5B3EtF1z9XYYRg192kaWSPbm	204024",,,,,415452
"18hFBPU81kC8V4Dp4iwdwQHakKa5TW2ZkJ	853192",,,,,132968
"15v5HRzMWaNuMtWPe8d2KfbgBuZmEeDwLH	229607",,,,,911625
"1F4NJmnThZFzyYjxAUqoBwmVr4VgZJBSSX	245678",,,,,257045
"18x7RBWLm7wcMpXRxihCsvPxHMFMsBFWrg	432140",,,,,657587
"16khuWYmP1T1S4Kzf6ikWN6DxWCVaTVVts	470007",,,,,293692
"17hmbA1TDeBUBsvSN2cYjfstVsx28PSc7H	607873",,,,,631959
"1PL8eXyHjjbf7j3nKx1xMzVuNX8SHRVSsi	113498",,,,,131896
"18Hp8j2JMvwtPs1eqNaYEEVvuFpjQJRFVY	363352",,,,,220506
"16eb495TbiCRbRbZv4WBdaUvNGxUYJ4jed	341557",,,,,328838
"1DufYig5sU89xzb8zuRzcmhFotN14v7nLr	342989",,,,,670196
"1JxG9vzbEiqFLceo9dc8EkiZiGD4m7uPk3	231404",,,,,593104
"1CLxmHRhoi9VpSj5QihqPEdbhLL8E1oeUZ	704955",,,,,827063
"16KKWVEB87NDJo5jkFn4SuCo9Lv3zhniof	847381",,,,,838331
"14YtLBF9hRrynPQ58iAZPiuvQ2RGatGq41	850911",,,,,568089
"1M4yNbSCwSMFLF9BaLqzoo2to1WHtZrPke	997641",,,,,640359
"1B9T3x76hnKQBpQoUtzoUJdL2fKsNhz94H	717288",,,,,793761
"1FdjFtrBwf9Jc9fsGN2GtHmG2vs5ZcEuWH	310715",,,,,349570
"19aqdmiBCrDzJDRPcqwj3mxLjhHbcfjkJf	362926",,,,,347482
"1GX7i8jG8DD1mG85BNnz7xybVhSmw84Uii	932856",,,,,410439
"19a14GZW22rqri82pcCD84BmPQP2BC7Dh9	154000",,,,,125098
"1Fds3o5Xcsf5f1MZnXcKd1ckqaGxWptNp8	593518",,,,,726555
"1KwiztHT2ZkL9DLRYqK5Jpk9mPqGmMbKeB	526117",,,,,548547
"1N5NqDWiLVqtU8mEzCNEeEbQVHwuGGChJs	277318",,,,,802439
"17WqA7z67HvhNoSaZ4X5YfuhwW2hjSRViQ	310070",,,,,536194
"1Pf6EBAPufbpCbPLQhbMMn3wgJ6yNPY2KC	582163",,,,,976103
"16nYF1kayG9NuMgU4y4HJZkFWkWvaUrJLw	563656",,,,,659746
"1LwBdypLh3WPawK1WUqGZXgs4V8neHHqb7	828802",,,,,265322
"14SgGzLwzo9jo4CFRxLQ7W2hVnrVjpcoDE	606878",,,,,742969
"1BUuZVAd3SjJhKe7hWAM7gHC4mKc9nB4nU	611807",,,,,414230
"1E6mijNx2xKzRt6KXiqZncUmybgYN4cn2X	237888",,,,,874195
"1BzPs9xHn5WpPbWCd6bTTkoT6yxrrFvCgD	279670",,,,,305164
"18eY9oWL2mkXCL1VVwPme2NMmAVhX6EfyM	373333",,,,,517276
"1G6bNHUZZK65HQHW5TkUbSjHNZLx1ditEv	717688",,,,,691014
"1ALXLVNj7yKRU2Yki3K3yQGB5TBPof7jyo	205912",,,,,256623
"1LLbea21cE8MhkSFJdrYSmvnnoV5HUDwCh	344592",,,,,559247
"1MwjdDXChLMix1z3ycFqukRipvpbzVVUK8	965143",,,,,332538
"15MZvKjqeNz4AVz2QrHumQcRJq2JVHjFUz	465703",,,,,558425
"1LAbQ5492wSLxRc2jiFgi2ZgoqRgUG8gHa	208091",,,,,141029
"1NznGtukoc7Y3bK9VSCJt2B3HfJmJ3oT5Y	144021",,,,,876466
"1PjWg2ZkvjzHBbtKn3hAbF5dcFCxQWctFs	199378",,,,,474102
"1Fh49MrxoL53fWuC86ue9m1W9XmHXyfkuv	902016",,,,,416850
"13eEjeX2FkuoWoXuLrEDub4Gr1pKWNyhrS	934931",,,,,879470
"1ApUQhzECNq4FHY2FSeyiPpxuFLzesfy5g	550604",,,,,950000
"13TmUVkhp3shQxh1SaqwHS8vDtCRQa4CDv	653165",,,,,236589
"1Pa9Tytkq6aj7APgedvqYDgfLKY9qBxMPn	542107",,,,,614770
"1GMFSWQQQhCQyRNQcac9tDKcvqYCuripVs	122635",,,,,455619
"1EXB3XabfPvjC45hUiMfZnWqZqUuVkB3es	177897",,,,,185852
"1EuMCfMphzv2VHP2LbiruBhzrLiC88kxsF	708397",,,,,533428
"14mPMrRm6TdjqHZhd7aBUbuWt5MYWReukR	996472",,,,,401412
"1E38XQRdXVhafXoAXwSZyoxPQ7R5HtmfrW	141272",,,,,447728
"16mPbWeGsL9ZRQCfaHZzbQCsskPd621fPp	406774",,,,,559971
"1PDNgzo2NFmBbx11TuyScihzd9jy6pVBna	954993",,,,,748431
"18AYc2Ck76LBvpPVLGoFP9wK3TiBXwwG4A	704215",,,,,256838
"1ARejoJNNrCPTJPnZd2Z7zG3RybxbSkKpa	206634",,,,,414809
"1GopNcNZfSnSGZQotU9uC8b1KKHMBePAjH	178626",,,,,418849
"1KSNgBg7NrxdVaWE5MrzoDeuBXN9rTGUJt	527559",,,,,569440
"1LGSd9VmUcbMdcrMuEdbffTm2HKV7BR8yf	986521",,,,,523445
"1EPusRg8omvrZ2Zf6438PxmGyhQgDnw17Q	175269",,,,,384521
"19WCt2DcL7r9QiL7d4rSvWNnukHq2GKgAb	549049",,,,,807547
"13P4eHfeYRArfjhF87npd63VPW49KM7QGo	176055",,,,,812220
"1G5tLb4tTGwRTvr7hS2HFsxSRLFrRxS8rC	823657",,,,,669034
"1FvUkW8thcqG6HP7gAvAjcR52fR7CYodBx	459956",,,,,506197
"1Pigq13H7CiWS9kpbax2qZucRY3XRpWTHQ	881389",,,,,369544
"14C5PLasPWXhPjK4jXkYWDmDMhuJXp2jVu	458513",,,,,699601
"15H9kPoYYM6DLYxjGG9irXtgGcujppgn1w	395153",,,,,946582
"17DE4JVBkTvmfMjshBb8tVp3UGESMykXzj	856300",,,,,291716
"1GRkE719VLnHbnukP7TpZioPGmqzAxbQZ	613948",,,,,835269
"1GVzoVjzXsFNGz6VC2Hjg689sg4bDxNASE	529905",,,,,271800
"1Gn1GzVa88T1X3fdhejyq6jrZs43T24xW6	179286",,,,,457830
"19SNjozxAwLk2gWWbjpuyzPvZQ8bvscRvi	219004",,,,,732571
"1PTYXwamXXgQoAhDbmUf98rY2Pg1pYXhin	509004",,,,,557017
"1E5QcgHssn17P7VwUhz4oSdPxM74Buki2T	771036",,,,,159835
"16oKJMcUZkDbq2tXDr9Fm2HwgBAkJPquyU	354469",,,,,936205
"1NPjX9tLgP5fdrhyzAjgPro8CvSSRpk57C	501639",,,,,489874
"18XSK8h1avwT2J1gvP7tUvH7ncVwq5RUD5	604923",,,,,717912
"19QDGMRKdZ9BpDZP2Re6yaDqNQ7zN4wo1D	896533",,,,,614013
"1HDNfSr5ExyGfe77GX681PPZtN2deoewfd	998242",,,,,166581
"1CjPR7Z5ZSyWk6WtXvSFgkptmpoi4UM9BC	591813",,,,,965555
"13dAmXKKmpJN28ZpT9koyUxWZJckYTqLnG	872951",,,,,236677
"12mrdg2fk87Jmpaoh6dYUd2C2jsoAjYZDn	666936",,,,,578704
"1BGCxiVYWxZ2JGtoToMoVBhRG82hxbDzCd	325881",,,,,977456
"1XH9QsWgniE2ypb7K75oJ1i92bwz9WNzt	873139",,,,,901029
"1G33PKeeysG1kbYjL9jmL9nbAkzwZhrSmQ	576085",,,,,770888
"1B1wPLyrJ831sg1D8hnZLBG7SejXbqMMrH	204763",,,,,286528
"1CRjqcFsMqgeFm2vcs4cKYtaFbGrvUNYtD	120767",,,,,648178
"1MZ5CujjjkHs4c4z7VS5MhDqfwTwS17A9D	203398",,,,,112790
"18JvD2DQdxh8G6ujC7FSJcGsFYiHxF7rSv	851035",,,,,907184
"16TPVCpvtJ6FkV5xNKBp35aMo4BWFGxiEY	809800",,,,,454473
"18pVsfVLZGoY3VkiPwppUV7YYsNEGpyooy	137834",,,,,410618
"1MQ3UtURCfS96AxC5oZhfWF9eYeRKZUcNr	910092",,,,,546829
"12tcJxPwLHbByn8NPHpPqwzhdRDoJQuHWs	147846",,,,,769765
"1LovisaJ31py5rr37y5xpt3MzSjErpoeLr	219946",,,,,675434
"17ifjZk81eJ8X5NSaEQJhELDhVEmTM9FXu	330401",,,,,933949
"14Whi8fnzcCngUodutSTLjSqLkYLDGpUpQ	440579",,,,,691302
"1K4yzpwXD84vqGJsVs3AvmEWjEamkmJJPi	754125",,,,,647310
"18cuc8LeptuYSCnCV7mTWkbWfviafWzgs7	353392",,,,,287185
"1GZFHpitvrYzdUphEPLb7xeYKiz3CVZ9wn	395831",,,,,365280
"1FgmSdxZjAwWDoTwy235fHk7XY1Ea7neyF	428945",,,,,994282
"1MsYcBU7c8tRztb1B1fGES2s1WJsiFGt4s	611298",,,,,559870
"168EwvR6jaoK9JgnxFqriPR19EosvYVz75	585035",,,,,666679
"1AMMoTJ23Ccx6gmvd4u7i85qKscp38Vh3b	960035",,,,,279784
"1Jzjx1J56gorBPRcA17wHvGx447YLisDW5	789354",,,,,362456
"1DY5mnjeoZnW8eKesVTB5QcJeSoMn2ayN8	701298",,,,,596271
"1MichaiL1ug9VmtCz2G7fgAqxid7XQcRbr	249517",,,,,353764
"1AYNsVUbZ6G29UPuB7ws1pnZztqJVTrSda	473766",,,,,128911
"1JLyNH2eNTji5hVw4Rqct4QEkte9UbGqP9	387776",,,,,697839
"1FDVbVJYKkWPFcJEzCxi99vpKTYxEY3zdj	520745",,,,,614920
"1ArZGb5V24gAgN51FeQknobi6kNyGx739r	172465",,,,,560709
"1KozY3dMTYs5tCUb6DHPngP9FfdiEcJrVt	334225",,,,,890046
"157UqDR6SUYRTtn5wQCN5frySHUo36fx42	902695",,,,,835087
"1KGELkrg8FBAwSB4ucXwedvkoy9GucErqe	230529",,,,,686647
"19CkozHbsKhxXtzAUoDxaVd8WgEzfen9UU	495741",,,,,871776
"12WRnQR85ZUT7dhmaHBNL5dde2QLYieW6v	624354",,,,,462873
"13Y7NMrJdbpsd9W4isYrcwdgbPrtJPzrsy	172037",,,,,289840
"1KFrqkEGy6Yq7X4SYCbYoj8HEwfbWVUDJ9	805001",,,,,174105
"15DtovKcGFiAJmyVfbjvCXHyjtyoZhyyj4	526618",,,,,746025
"19HhmfxGsznL8K7wXjZiFnhqddQucgfZzB	914303",,,,,730522
"1MCG8dJRZpPPZ2Po7jxXLYZnDUSBZKryx3	849896",,,,,265581
"1J9AgakwC6jKf2hkp2TjGogm8GBVpSdi3o	187709",,,,,714992
"1M4pLzLhN4ix44jaoJpjiTYV58oRgUf675	396049",,,,,310953
"1JjMoB212ctAiuDvURyWhs813yY4c75cap	749930",,,,,687603
"1G1ZGTK42azBACR8wLNk7y1D8d44Dhpt3d	525573",,,,,450325
"1GWCEhnmYaXzdKjgvvT9rXxL2TVpNiHgu2	799559",,,,,461948
"12BJB63AQEDDvqN3un7hsdbqV4V137x2gw	846663",,,,,193943
"1PYHXaankAkfkqzkiUAS9Wxf9KyU5uxAAK	232945",,,,,297697
"1CyPTez73fVn7KwXPCu3Li15e78eag1aMY	361244",,,,,815813
"1MxDCJBTSjBtk3fzy6sgecjDDFMMzga7uB	211274",,,,,458143
"1BM3m1eBriN8NrcGZbfF7gn6cyPFPN7kw	667228",,,,,125393
"1LQaq7LLoyjdfH3vczuusa17WsRokhsRvG	492266",,,,,368719
"12PCpaPk7QLiLuUgt2ezvK3t1zquLu5Bqv	259109",,,,,497800
"1EU29NuckRY8VfVoDJCe8w6a5LQTFS8wk1	526536",,,,,606973
"1G3kAkf8Mjnuw1GA98S17fiSyoq86sNAhM	223926",,,,,781175
"19wJUA6jZAuXirHotLiYV5Y9Fuyww4ju64	534514",,,,,138472
"1H4DbxrGW7n9v8Ycxb5RuJ4wznztqv79MS	458223",,,,,338566
"1GtEipv5EqCX6CoiwRfWZxEqtVFtXZDboR	266891",,,,,677458
"1BLisyFQ23Q8EpyaypnBDfsdd2dtweBbCK	740052",,,,,557430
"1NwbXavc82UAg6qjYikQAcBMabEzKoGJxC	896754",,,,,378904
"176MfUmwDSJtggWB4RAopW2RfCAtk1uwFY	186992",,,,,618640
"13k84vVyYFzqpUpKdWpByF5vDXmLvdApU5	289303",,,,,990219
"1FGof18n5VbupUZ8yNNpKsi4to3FVjZEEg	124003",,,,,383857
"1MZoGbF2Ytc8EiWJauxhtUi3xyjBkpqHMt	536905",,,,,358683
"13mDDbtetrm1Zi12haHiCAyEhxnGjmaZBt	830086",,,,,672174
"1PUfK6ecmFiV1sf7TppFfdCsTZw6PyK8Xu	237909",,,,,899539
"1L8wLU9FJa6CqUMfcpyEq19a5JuQrNpWWy	809645",,,,,888376
"15F6CECiHMqVJbz7NH36ywf8C95sp3ADTr	335128",,,,,683898
"13YfDrMvYP2VZZyYMeEWVC9ubpPVCXPJDN	426595",,,,,628282
"14HmmGaCRghjd29qKqXpPdm49xoDbUedzC	856746",,,,,647996
"1MKa8TXLE5Waq6Jgc3pcdh17tKMFNJ1CP	286286",,,,,827583
"1FGDTH7kScQfrtDK8MNBaqUfPQbtqSe4Wu	983352",,,,,903044
"1DpvZYeiJrdaJvpgYrAWSUKBi4KZUaKJJp	483893",,,,,630985
"17z5kZSuPLUjZGRG2soDZABq8yWR3g5K4x	534921",,,,,379266
"1F42LCbhNdoZEchADo8xT4EbGRAHMyhsZv	783875",,,,,264402
"139vS26eBgfeHuxRAniQsebufVpZ42HtHa	651462",,,,,254452
"1PEUv3FjSWq88AgNYefeYaEhLWSiMW2vuy	693874",,,,,977150
"113u1XdMDSNjJYBEsAFyvtW92F4TXuRSj7	233061",,,,,686922
"18HsTPBqtq2BdEvDTrJ8uRm8MT8cdmHm1T	370394",,,,,297328
"15vqKKx5LX6oc5TATJ7uJmbu55QvaLg3W7	537115",,,,,634338
"1qFf82tpkAd1QvUBHoUYBi99pUWapWAL5	729888",,,,,791980
"1AXS6kXPFMsgyUGj7NBGMB3kUvqmAFUUvW	560246",,,,,306588
"1H77o5TKTvpwozmgAfrQiNFwgEkjzshhTt	825139",,,,,117981
"12Zk8SwXvgK42c9NneWryGk9djSe3PvLX3	482061",,,,,657003
"19DdkMxutkLGY67REFPLu51imfxG9CUJLD	461968",,,,,569984
"1931ysx66yfVSphE4hKFbPi4418agh2u6L	567899",,,,,519592
"18D3Fmpnt8jGEJwHppUsaWRzGwxMGbJ2L7	596808",,,,,270782
"1BrSzBwx2RLuppgGziqgF7oMuneHQVhsNc	228930",,,,,156956
"17j45BXWrjSDttuurcSQubYLdLescJ7eJH	645894",,,,,296964
"13iEsZ9oF38r1DVtYBzrk2nht4jq1DNpxG	729568",,,,,510176
"1ubkj8Ez5YoqeTcUdPn2WDBVm3nbXuH11	192735",,,,,223678
"1JNH23J6ogcrABu6bvC9mUJcG9qFnLja1M	984985",,,,,989584
"1CYrhTW1X7NDi3mXs62pk5SiR9fewRcGCi	149608",,,,,321836
"1E9m6aEyzDTsHK4syvUXcZAUjEjSwrknLV	844133",,,,,629233
"1P6brDbYKsQGqRduaTMa1v8hBqJYjig4Qc	165001",,,,,508561
"17TAa6BG7QPXvRuJHBMgLHdwXyXg2wK8Pm	888523",,,,,281097
"1FrD839xkx49HzKtJVhVeUqbd8trnWoRrg	164840",,,,,648668
"17qhqFRL8raubf38g21buZ2KzsC52ghdbK	310322",,,,,837403
"1MiXwnDLqxPXTXMQLckzbuJmpiwNtt2Qkx	256026",,,,,447565
"16iwUyWgk8wGPRcJGpN3rFz1pjvx8KWxwo	644732",,,,,338935
"12owkvCcMPw5u1M692GbBFmpaMdX3kqXQM	952082",,,,,891149
"15xsbcC1gmeF8czSwxRWrjZvtequ3XL6Pu	259318",,,,,688106
"15B7GHm5Jyrtvxm1Amz5YBP6yZwr6n51Be	228329",,,,,733734
"1CaDNCkaMkcdog7JmCbFHBY7VBGjY9az89	691697",,,,,884960
"19dCNEndraqP6SbyGCe4qqB2yvKxbKsoka	586106",,,,,891810
"1NT1jtYLNwFXLztD4U4B9sLizdYatirhWW	896091",,,,,873909
"1BekJXj7pSaaBWeXQvf4P9rZdhk18hVaup	906185",,,,,452547
"1LoSEjvxpYZ9E4iNA8VEXHJsWxHSRx7io3	751856",,,,,697107
"165EuhCqScXdGJfDvYK5RZKN5SytnhwVjv	825129",,,,,775602
"1Eue6aPJPHsTZgf3QE366rVcBu4QPstC8b	816860",,,,,802199
"14VQzycswPiLqsM6eZ4qdknjHBhUBzSbf8	367677",,,,,756613
"1Bd8aroX4nrN74tWq4bSrhyFznVL2VkxYS	635184",,,,,564333
"1ASjnqbnfSpShrEbq5daa7GPX5XutVpzoz	502985",,,,,590555
"1JMPofaycssfjTNUYXNzBFLHdNjJhwB9qN	973093",,,,,818813
"1JfvCK3NAaKdQZCmu4vBjGhqAzxYrePsHg	901371",,,,,231926
"1JByFXm2x2SdMzzPzfNwBeHyYkueZ6SmCv	899416",,,,,982533
"1BYF5BS1VF3dMfHiAqzNTYqDpzxc3MuCzs	754827",,,,,349171
"1KJgsuNjWD95vENScSZDMbcvi2TZxesn1a	621845",,,,,145780
"13bg2XCNTTizFgnomJAL2QqdeyiAPfYF98	364914",,,,,743332
"164Ra75ispghQvcx55Zekv8Jm4ejy7fJJN	319772",,,,,708797
"18eWix9RjEomHw1K82Sg5AysoegWGKQ28L	181745",,,,,766229
"1Q7GmNSaxi82yNAWm3qMxxmVikkqeNGvsz	477514",,,,,647878
"1DdNj5otWGcmbsrfMbo9sTWMvWhkK1qJcV	862380",,,,,993643
"15BbUp4RHWqc3XGqNzoxvniL2VHtzEHhto	249456",,,,,132232
"183ychAgpMawFf5mxDELJRJzco28bMgnVk	913482",,,,,705104
"1N4c8rFC5okV9GVG7by9AgXwyiHBMcfbGS	657139",,,,,318091
"153zoumV6m1P2eP3n5VdMbA3nVbKud3pCV	227540",,,,,440578
"1gpSiT3Ju7Z99HYTZR2p6H2ybSEuRQXwW	291338",,,,,827194
"172Ys1Q5hstzmxKANyW1YxaquBMS2itNYt	255946",,,,,114304
"139TcUJTcPAW2kAemKxSgNY5tXbfLcuX6p	521875",,,,,989656
"1C2HSDL8fc7HdYnpepn2LB6LKAuhLAqsYV	703283",,,,,764994
"1EXoDusjGwvnjZUyKkxZ4UHEf77z6A5S4P	871033",,,,,408519
"1LYPweWDVjMZN9q1ar53vdnG5HfJmuWS7o	169887",,,,,498452
"1MAzruMU4JmAab5uKWggiZk8LyCzqkQBhN	194089",,,,,830514
"1CcjNgSX8HK512vWzTPSkSx9cunqhBRx5i	566411",,,,,735290
"1CTgYxMTY5j6SLytKeMsBWAXuUc6yNKcAe	920710",,,,,618352
"1GtcBLnnwhKH3bi4mngrm4ndY1QpyBdCSa	547161",,,,,612497
"1FkaX7med2mALEsUet4161derUb7Nkz7xM	851778",,,,,878960
"1547z2dz2fwgGw2hTgx3vrWn4xMnNcCwwX	574376",,,,,314682
"1NPQdExPc28cLqUHBPVrEUuxAejEn2mZCy	409499",,,,,667767
"1HgTJED7XEGy4vVwKa8kgefWqUB3VRX2mW	727167",,,,,725906
"1KWjGDuE6sRnCaKLhgDrTHkjoMc7LgbQaY	376399",,,,,327947
"1NsBSzNYZivDgAJDyedoh2wEmGLuJ2risa	259029",,,,,750231
"1PMdVMQrTroKYKv5tG3Vn2rGjcV4eBNCXf	221386",,,,,709529
"1EsTuGn46WELzQMjNsVQymtZ2Eopb8jJTs	835257",,,,,762809
"1EnCEb2mckb1QLEeokV883sDZAmoKFQFxF	116669",,,,,123487
"1DgzSGFprGG4CcxdZPHeidSG7TKbgrATYx	273253",,,,,913387
"1P7qo7Sifbr82rwEHAgH42fRUN7YgR688o	237082",,,,,860501
"1Dp1yVTFmgb6oL5WoNVsLsZso4ATMzxD1M	534017",,,,,538704
"1Q2yfhekECwPPvdP88WFLn85VSRi4iGZPa	159158",,,,,373952
"1DkRwq5caB8akH5s1E9ChHc9aWqzAEPeMS	768107",,,,,886620
"1BstEGUM4cS2TsVMcf9wwBr9Ghx3EcT1Jt	877387",,,,,271073
"1GH9NEdGQCDRWnFkiF4DKehF9hWU4xNFph	390302",,,,,613164
"18YqrvbB1Co1389KQYKZcuKt88dLh2vohF	394885",,,,,999895
"13SE7uKmnQwGA8X1A8WcZnX2ceQRDEzsAd	692230",,,,,582655
"1Hzo3525hh4SSncRAyhE9yBAGsquSwCcRj	643038",,,,,164916
"1MuCkhCUPSXgEa1G9HdeCYv3vPVNw5mGfg	640456",,,,,776699
"1GDCa1L4Z8DBZQv8gWK8k1HZkMdFy4mbGU	438449",,,,,527208
"15vTJxjGEBfCGSC2jDZA6E4Ad3vCLvzkHZ	697271",,,,,251129
"1JoXxM6p1Qv14G1kswWW8Dc93GtD7hXFcX	985991",,,,,626311
"1MKWhQiD18k5jh4BoHsNewDytWWy2sJDME	787005",,,,,901853
"13sS5HN1Uw492UCeKRnQEv93GC4EiHHupy	979168",,,,,324696
"1EU5jGFNUXy7q1umLmwfAK38Pgye8VGgqY	705926",,,,,628083
"14C9uwpzrXuuitPgTK7GGBYqT6QE5G9gsd	381813",,,,,555164
"1F2f54RRbPbj2Svi4Ni9n3RN41W3YwsFPh	945940",,,,,335169
"17xN3ZUiQYBLA6eFzategsZWauLQp6Ygnq	812411",,,,,892535
"1HjdiADVHew97yM8z4Vqs4iPwMyQHkkuhj	543025",,,,,816124
"16yg5e68UJPkMerUWdFrkHZHhm7YyLsVxK	252229",,,,,805568
"12hikP8QjgNUTsN3fxvzcEhUiMcWgz3zQM	627411",,,,,450164
"1JaPNwMXt2AuVkWmkUHbsw78MbGorTfmm2	521108",,,,,309068
"1HmZD9hFHWp47jaQRUjpkHuHJxawevG73s	325228",,,,,169533
"1HrqWcFLxp5kWhf6sFN4uq7nJmYJu6ZSZ6	594866",,,,,644799
"19dwHtRWNQcAw4gmzmGpYbRbWyj5UqDA3n	581470",,,,,806058
"1MqaGYszdtzXF28eXTZHdUHfZL7kAZqJMj	405977",,,,,221709
"1NWPS2fWw6FMeJEjg6DMMpYxQyB4TKpVsb	206659",,,,,969273
"19PkHafEN18mquJ9ChwZt5YEFoCdPP5vYB	841203",,,,,448602
"1Gt7butFqeoduwasv13DzYYzE3kJAYgsDc	530262",,,,,949032
"17rHT9dTiUKpvmFBpG29qiKUKRiN8mnJie	757289",,,,,585158
"16dEFWwsWdYTqpuavkEN1pYEtL9YPe1UWw	341497",,,,,410824
"1PscriFDjHAsDSaXPZwdu7HhYfuJsSuPXh	341974",,,,,303222
"122BNoyhmuUt9G9mdEm3mN4nb73c1UgNKt	864604",,,,,344820
"1CCa1scp5vLrbaha4MZ4sUFn3uboAjpRGX	445514",,,,,460476
"1LXedtvjbsjbc3gpM2JQpMnS7EiudaxPyv	284441",,,,,827679
"1HYVj169pDCh6aPUNhLTvtw7QhCcLDGgHa	547501",,,,,955214
"13pUWbh97SnnHJJgzeyJaLtHuLBafDLKL2	294144",,,,,957208
"14MiNG1HCnXaRNGgH43o8Ry9c4VcyYxL2L	992999",,,,,696289
"1CHEpS3rT5KNM5Fj6pmLzt38jZswYBfZpa	370033",,,,,712898
"17ZnpjtLgFgjK2qUcaY27U1PcGySgten5Z	513920",,,,,714890
"18otN4CVho6rYNNsX38DXN6SmgyHrJb9vi	984199",,,,,863942
"1MiChAiL1usXh5sr9haKLLWBTfWwdSnuvu	136872",,,,,311798
"1NB3ZXxs3vfq1hRhuSAZ3zPdQNrXBQB6ZX	552762",,,,,354490
"1LUsZV2duGXAHdrGd38KAFQyYQXb1giu3b	604855",,,,,715651
"1Lt24iHysg4wQA9BGtTvYZ5jG5Sqi7rHCi	452722",,,,,299613
"13JPo4FzHEwZLHxwDEmiwbSs75xFcM9Xnq	962114",,,,,403259
"13DyBwhpDw6152q1drbK2US5S3CdY1mRnU	675747",,,,,772079
"1XQ8ZWMKbsX1kgFb2cT9h1zSiCQNDjnWV	234797",,,,,138190
"1ZVVsg3qGAJfoMaJ8bdxeCX5KhrWboFxv	472400",,,,,570107
"13ACvVSUKeQ57zBtENsJtHManPTJ5sZuRw	234736",,,,,370684
"16Q5zhKCMbpEkR43K6tgzdkh1mTUfi7SMy	969484",,,,,260273
"1VLZtmKa95BFrXHeyHEETAivJ22pTEhrT	911547",,,,,243144
"1MEKbMf7hPw2scP468unqAXjedZWMM4La4	696815",,,,,539929
"142fFLWkLgteEB48wC6tcChK5dXkptbjn6	933982",,,,,620706
"1CkdZXJtpbxxX4QAzbRhiFNU3PkcsUsFzw	119719",,,,,119137
"1FbwvHPVgS5rfU18Hq9CCrKcthK6ywWYfX	412809",,,,,598271
"1CU33fX35WYJDNxXM5jqawQtVGr32QEGrV	311658",,,,,770315
"1H6ksPJXL1H2dFuVLkLvA5BYJWstHeQ4ca	504703",,,,,836916
"1MDMY9ziGgh1vpuHYztrxFDWKNFcQ6y3z2	472442",,,,,878392
"1PksnLJe9khMF9k44K1KwEuJFh3XNiEkWe	869832",,,,,547312
"1N75nddcDGiQeP7wTNBC1K8pvqCo1CXhPy	927185",,,,,304513
"1GC2TcADg3K7ERGf4AZgUHNtN7VPhRmPR3	577972",,,,,984131
"1Aa9YWZpDBDUsLTKvBm55zDkNUhQFsfpdw	786930",,,,,765852
"1NA2faFSBpk3ZYaGXBpncDzKScjHiCjuMh	383609",,,,,440122
"1BMB272EM8F9RXaFszJ7nxxN8VNjoa3mYu	378570",,,,,185534
"1Fz4iXh26rQq2nFDaj5BDYkdbhTNPxBgxf	655794",,,,,202051
"157i5gK7iN4bNAN39Ahuoiq6Tx5TaQukTE	516930",,,,,611131
"1CXpbTE6QHxhc5TAzezFtAhqxwt34mhuAS	671717",,,,,673094
"1H4WSPKb2PYguFWEkPZdpa1a2ihtgciBZv	464811",,,,,169812
"19KXgj4njatxd2r7EGe1T3xJFws4a1p7PD	223381",,,,,772857
"1JqsD8vSGRUUskmoaQcwK5Q5bmYAZKrJES	880383",,,,,248809
"13Nreomsfh9gFfzturnu4uFyzMfaDiCf5j	938233",,,,,572416
"1DxZyTHbaKUg9MrqUYVAC3NSDFeaCmc8sE	309964",,,,,441291
"1J2NPGhidHNE2wTqoP9KxzKpu8eWtRCVLL	697262",,,,,658630
"1KKmyfaj4HY5R7hEui5S1ypWU8hnjNBE7K	175245",,,,,488027
"1NeYAVmosy35N92u56WzAn4M3r5VaUJ84P	735964",,,,,862016
"1MsgeQMDKCqoPRfKT1tw8gGci6w7fCBtKe	837277",,,,,794309
"1ENTUE6r9tqvzevrTonBr1BpbggKKbYLxu	421574",,,,,273050
"1NgwBbW5Rrm884CvioKGXfD87gDDnvqewL	932118",,,,,447596
"17Kv5tVFrJFL86bEaMgFgXWTdfnjci5Fb9	118995",,,,,234335
"1M68HcV2dqU5gZGCNyPk9XW9WyknXzp9M7	470037",,,,,398499
"1GKxVijXXPvYW7XRPVe6JvUvyuxYuWndFG	228345",,,,,564802
"1KF8CrJXpAf8EB63a91EHaH1TobnDsRgaK	337918",,,,,302642
"1KAhyewvMHSaejzri1jTQD6yvieuHXQ2mP	760543",,,,,380501
"1EZYXKGMzV9VR7jy3yj7tqmnyatW5y93b9	459746",,,,,752989
"1CoLDkKMYN7NdhAKSR91zZY9ZEC1wP5BvB	670607",,,,,265879
"1GkUwKgE9XvPzaiEcJkwUrUHrasRUkUWqL	642925",,,,,835066
"1PZ6Sd9JAnU9oqPkaS1epyJwvsNqphdXfx	136277",,,,,688031
"1F3ErWv4hVATQSoJmjErSBUMur1SMuMFWF	605344",,,,,475353
"1qEdM4npYCf4G3Gc168LVsxeTenPnkoAZ	440860",,,,,379845
"1Ah9AZHBrU8vmE4tvdEGvJALYmcSs6nty9	142943",,,,,417631
"13dSnmhFeX3qqbsi4thXXad4ggTh6VCESG	964174",,,,,289525
"13RwLs69Y7xPrTM5E2aa9RxiDSyeX6jEyw	353239",,,,,734513
"1KrutzZZ7rth6D9wasfGz2oy9R6k1RCL9n	475560",,,,,570427
"16y2tVCgnwGM6c3kPPuQDJrSadQqcddUm6	254427",,,,,309933
"18KHS8ndbKJ1iEtTxv44Ree3Fs7oCURg83	796826",,,,,702446
"19Hkd1uTPGekeStrZah8MPAuZwgePQojW7	769601",,,,,283831
"16muHWKMXHmCaQynZo1siHUoG6v3JNMbyV	454838",,,,,592189
"1GYmGXayfaVbu9aKMMmC8j4JgLEE87yZgq	512915",,,,,551915
"12gVmvkyTzBrW6rHreC48ntgmoXmBAe1QN	307964",,,,,574950
"1GDYPDFPNvk3yrbdoEfNEY45oX5gnDg83U	967487",,,,,837722
"16w8WZ8Ub1Whk6SP4cw4op5cgyRVsb77T8	973067",,,,,371694
"1AMbVgXrWFbTAPFEQaTvpw7UdBr4zybZpp	497940",,,,,592412
"1P6bZCdbCzQCCrpCLyzUBkBURaCBUY2Cyq	156463",,,,,296981
"1NpqUTTvTkpSLduELPHvUFXcKWTNTo1CJG	636327",,,,,775745
"1KoPRVgdsUNHZGr1H4DxjWya43Y7GqnBgL	497680",,,,,929653
"13qG6voa8JWMJFiNHBek1zjScCKmJY2MVX	552852",,,,,507776
"1HZH6zHri1qc68s34MmE5MwG9xstbkFavo	530216",,,,,786443
"1GXCsNEXN43N4XFu77MZ1yipZCFmq9R6dK	915093",,,,,187704
"1NTva3cWy3Xiueh5GPWCa9cz8SePrv6cmT	432731",,,,,551069
"1KxQJau7BkuwHZh7Ugo2yoqKN9WeS51S5C	912309",,,,,238113
"1GexQrcuZ7KtDUUd6dXM8rw9izbntbxiPe	403083",,,,,792801
"1Km7iLVg77S62nxcjfAcXA5yENgAscgaBn	283193",,,,,751255
"1E9N2k8cNt9iP6tWZRGrrWbmLXzY1jmk8J	461907",,,,,294803
"1ER3nEZFqXUkKw6AucHnmPxXnQQ8F6SJEG	160557",,,,,842016
"1Lqqqyu4BYjM37xko9QMGW49WVFnZy4HfM	412790",,,,,650108
"159VSBAFhWXn6DGVVPKc4Lg7MFXVoYyCec	911694",,,,,160318
"14CQ2jCrpsd1eSdC4zWsJZH9LvDr6GrCyo	634873",,,,,455660
"18E8CQjS31cmr1tFee8uoGVsHm99hK4Bjf	161426",,,,,831219
"165Zt4GemhTdFLmpW8NWkcsyCxWEik691Y	239432",,,,,852927
"1Cz1pTK8GxsJqdHQrFLWh77WwYsyqyDX3k	582990",,,,,361909
"14gQZieLjATzvEb8T9sSrDwxqBNDNdK1qK	162184",,,,,332948
"15pFVkHQT2urzdDNhPX7VxgzzU3ZStL93h	676349",,,,,728919
"15pDRv5nQcxCsrk2SNyNcAo8Zud3YK5dbH	982417",,,,,584917
"1xf78yjKyN6Tk5UAoq5QYSrodCTPJi1EV	691712",,,,,553291
"16P6ZrrWTvJexhzGbYSsdeBouGu121i7X1	602077",,,,,379961
"1AfxVNVh3Bwj57RuxuAvY8wctY6R5sw2Gv	262946",,,,,896191
"1GRxpmMkiUSjm6at96DmyRsWP8LdE4Z9V5	292610",,,,,908834
"1C4H9GDALbjDVnbfTt4a9ML1XbwzLS1rUC	550661",,,,,132988
"1KbpW5QbYptCFHcygLeLWR9rmgrbr8PGUM	227161",,,,,390635
"1JWunX66a7r8SdnnW2dojyxXc9naKuepwd	372984",,,,,496342
"16iw6Att9ebjZ36TRU2SXUHugS5UjkKbaz	824415",,,,,455343
"1Anb7mBELyipCk6ESctoPaGnprnaeGwLoK	118569",,,,,695627
"1AroV9DWxKtppu6veDyEkRMM578GaRSzGa	682485",,,,,326315
"1512jpPb1VDeFMApALiPjNDeyEMdUQU8yz	780032",,,,,724769
"1NKD2qSwV3MfRs2euwKCVoFR4uKMEHefgb	877280",,,,,925047
"18BHohCF3rNGfcY7A3DbBbveuLeWNPJZuX	424355",,,,,574433
"1E8ohRHrpwbm5xzNRHTC46g3eZnxYzCSD7	424879",,,,,513675
"13HW1Ss8gti8zkG1Pbw93h12w6QKV7mjCm	659883",,,,,919627
"1PitR3r3SGCe8K4pv93MejoBLPHjHf3Kid	851260",,,,,632990
"19TPcEcb3FM9CnqBAHfK2kT7Ue6LKJD4KG	719374",,,,,488293
"19tTRRA8rxSF7wWsTwZUTKEvjWU42NFdwr	121689",,,,,945530
"15DT9cwniZmcwQjgry4ssK1PDJzSeaYAB3	205868",,,,,339346
"19nNjjgk11YDnK76gRu6cZ4LiwdgMrXPEE	952714",,,,,172548
"147By7P6kwGyRDtZBNbQHw1XjfM938iCNM	617332",,,,,390126
"1F8eUWFQEE5KjN32aFJMgrneLJviABMeyf	666192",,,,,986317
"1MV21NgUDDSnm7TQf4HHqQGcpgS5bSc5mo	813935",,,,,251769
"143Doc5raaaDJsvrmiVenRpB5Wd3Rvu5Ua	718206",,,,,784562
"1Bsxuazd9MsfYymwYv25TZSPHJ8y6dTDGe	478085",,,,,753974
"12gBLJcn9AY3y6NiWQdn5kfsNj3C3GHQsU	526749",,,,,367730
"1NBA23cKo2mFkdGY5u4Jc3JzosABPWKcg9	679863",,,,,184647
"16ito3Xmn1WLY232SQBSLLbg1MRmeHmBe2	760704",,,,,126679
"1FdPpELnjHfwSM4Nvi7LdYS4S4GVGsLUQY	686186",,,,,348699
"1CdGjWHvnzTLyL6RAswJ4bPsmYZ1XbWw3j	477262",,,,,890769
"1DCV7uLybUQLAarBXdwKSVVrCY9Z1KvJGS	131422",,,,,430544
"19YGJq2n2e8HrFyUQtxDaX8CdWMuA5nR8Q	831129",,,,,943201
"15e3MJ5T2Eky6rVsNyXaftwLHnLX2GFTgo	195769",,,,,605004
"13zHr5PGTq5Qh1GnwrSqRArSw9HCo8NoZy	777198",,,,,231934
"13emLuRZX2vsEvbDYPE1oqV1asALP6QLjE	788504",,,,,134998
"1Ek9Jj3Z3Bnipe3DnMq2otXG5iNjze66VR	675178",,,,,826344
"1E8PiSEVro6EzuEYnrdVbQ3oLDSzhSNH6v	135121",,,,,667884
"1NQeyC6ocbxfrzLvYv6VnsJmFZJEu4ufE5	724009",,,,,453798
"1swAzHw1zTWqoi5184VinvUxLWnBskPVW	449561",,,,,146998
"1Mumh5KmanPxJQ3tDvdL81BCFe9dwT4xhv	570050",,,,,879390
"1CASakExBm98dBw7DSiAE6qYLaTPVXo5Gv	963207",,,,,386784
"1DtFKiPdYD2U6XDZGtWK7q8JYVrDKBHBqE	642942",,,,,156444
"1GAvaRfTYpYRLt5kqYnXcx1Zx6joCCsJuE	236991",,,,,657094
"12AgBP2Y39u3gMxM1uy82ij86epSDRnoxM	851825",,,,,981476
"134DBmKs3dS8qHQ58hFrZZ9h9ioRG9X53F	220365",,,,,613146
"14s6sFs8Lud233i6fPsWQXz59Z1UfuBMgv	521710",,,,,515736
"15LUaPxdUqeJGEeUR9gU2aLvenGFoM8FWY	340767",,,,,941595
"115Utd3pGo9Acis5E61A4xXfECB3HSVAYS	877471",,,,,661220
"13FKHnREotr4jrjiSJwPUpecogVT7Rj7bu	119221",,,,,743453
"1BBxnXN3M1RKC9BxCEar6ffmCiJdxH7KQp	428872",,,,,695257
"1628XXR1jV1iFS1sC568tAz7KEBeivTuYi	841585",,,,,686406
"1C5YhDdySCBTw6hRaEMvDi7k7vD7NaKCqL	674651",,,,,897152
"1HwmTQ8LSVFENn96aNLn6Qrehu536eUEPb	695582",,,,,935974
"1JXNvwK2HDntE8s4PKNGBfex8uiWfCjLr9	333883",,,,,905854
"1AAqJPeE3a9J7RydKdHaUYCg4548Tw7731	542416",,,,,483125
"1BVMFfPXJy2TY1x6wm8gow3N5Amw4Etm5h	675072",,,,,429043
"1L2tnasMwmvANKZHt3jnpzm2DWspX2eJYW	190380",,,,,293419
"18BaBQ9G2b2CiYehQbjHu55aGo57pFxmDf	703770",,,,,436572
"1B7BTD53QVHzfFxojjPZ3FjPGBmBzFWon7	854544",,,,,507597
"1K7kFoKi8wEYqxDUv8zkKqk3YYgRHkdRbW	503114",,,,,861892
"1DM1RpNMoFZHFEow9hXYhdTZo2sZRk2TVg	415532",,,,,205581
"1DSRe2LM3AUcfGJFyNW9og23v21dXxFuXh	666695",,,,,775338
"1ChkAY5Wn2sg3U5kg4Kh3SiageicM3Y5L	547195",,,,,825170
"14XRKE5QKqdq2koHX1mgd44B7RHToGTT76	846335",,,,,615285
"1N7pFYGpthLU2HcvaLR2FPreAYKSX4Ms6K	868553",,,,,289783
"1KXKZFRMiaizNfmWoHCu3dVXgfPMGmbAdm	281874",,,,,197346
"1KLFVwKCcTgQRZin8kQngfCnM63p2LSPiN	390908",,,,,483197
"13eY5VwWMWLE2XaZAZjyFKqy9gDZrsQy5U	862634",,,,,285839
"16BNmSiBsy2yHf4zgKNtvWuZyNCVgxXR6x	526363",,,,,300055
"12wm7yFEqo78kiUawFUuNkTTzhVLM8zy9v	740398",,,,,385212
"1L7FLGEVCPTAAWFQ1CNJHBRAojBZkXXenU	173921",,,,,641192
"1GokQW2DPTWhpHF5YBLLM6YBethyurRpBD	135096",,,,,722530
"1JzQpWQBNjX9o8Jq81uya1eRqrUiFbER3C	501725",,,,,664940
"1EPySmT4czYwrC4YcK8Q8oQgPwGDW7xxrm	315016",,,,,952279
"1EpgBKhcaDpBJbPbHspsUrUm4Kp5ET3b3z	360788",,,,,579377
"13ijK8fX3MsfsfMk7Mb6ixqTaKRWs8PFxx	917042",,,,,382991
"1PgRUGkeGZSCDxkDtcQpjKBR64Yswbkno4	922546",,,,,432790
"113324vM6NBar2q72w6iDCdQvPnPQw8Tvw	292321",,,,,533972
"15aq1jPuUDhdHHfmy2vjfiqUMi6gVhy5tp	968001",,,,,878929
"1HmRsACLiRkjHsswQtPwhWGCXVRSXi8wZo	144318",,,,,627478
"1MmcSBpzNYeGgSfVNxXEoBdpmsCxyMUuWW	888222",,,,,264258
"1M9hB4RJVWz4oEfxkCKtGJEhzLbRyfLk76	150858",,,,,849640
"15TZmzqm3rx5bJtAWEUBj4CeudfuDpNJRj	173278",,,,,803465
"1Pi9KB6KRJmMoA3duwNgd7fiFhD51bQzct	647623",,,,,590744
"1JWRYzgSNHbWcmgJGxQiAvFNpzihkhwSNK	528841",,,,,789853
"1JNamaC2PE4woAk1vaoW46e5pxgdQkaKnc	351583",,,,,808181
"1B6ziXRzws2pKgrFuKAokcLTGzCM81DxX7	332528",,,,,386680
"1EaT32GF6McTcJgwJt6XfsyWjCFkNE8A1S	520740",,,,,439610
"1CzsFBW7LsS4g63exApw621H57JCRAUuJP	211222",,,,,214577
"1DaCk8Y5gf654vvbv6eNMPsqkF1eegjNaQ	606766",,,,,780221
"1Lu1VYj71pyUi6MSuXQkESCLWbB7h27jVw	220959",,,,,712768
"15u3UTpZVxkLAkZd8BDHL1G56vwRNEmaTV	120928",,,,,282816
"1Bxw1anxV6SJk3KRgYrZxYXWxPSxvsVp3E	993545",,,,,111482
"1Jd7kYyAiXuM1pdtTbUU354f9uq6PD1Z79	834006",,,,,485416
"1J2gSjbBWHZvYPYXUvRni1qGMGzzu9tuD9	142427",,,,,672998
"15eE7LzwBc3cXa87z3bKp2nEp2mE7nprr8	517821",,,,,338805
"1BGZeg1eeJxZ9kwUrsjXeBmXYRfrt3qyqd	748191",,,,,338670
"1Ec2TpEK6QFhFVy1SRyBMq7Y6tGdjSb7iz	512640",,,,,847517
"1FnmFNnpLJ9BMsm2eX8R6F7Tsd7XPftagj	324675",,,,,542695
"1DXJuXvNh1KQ85UFNjfq7mJR6JepEUse18	600439",,,,,302096
"1A3iRH8xRhsPsLTcn7vq3echdnjpqp6Ptw	130470",,,,,898961
"1JKkR1fSQKY6qUGHdNrD9wzTavButq7AWp	865791",,,,,678948
"1J3St3rp3hVsuLGhegbLWicyPL3NRD3YJ7	818064",,,,,497906
"199Jq8vQPs5vu7ZN3ctZ8MdSPgTFxvzxEm	643376",,,,,169045
"15XhTpM2cNdFyfkdPgRCCiiBLGV9VeozbL	227787",,,,,815038
"1khexYoq6fvMdKAww7dpdZb4WBPKBq2hb	255476",,,,,633066
"15s8TL6zLzwGKWix1aXGzrYxmzQ1LvyeZx	889862",,,,,159273
"13roR714D2JwzZQYVTBdBjhHwVGK6dkrLA	765034",,,,,293076
"1ENGZmC3HDHmv6rZxZVzBW8nouKN4Mzasq	718056",,,,,344106
"1Hn8LMo7FfVwKaGsv6KwigQk3QKFyd2fau	775637",,,,,851706
"1MH956QRUvDCQdiDyaEL9ST9kMYzwBHbrt	524979",,,,,719825
"1KXXrUmsEYL8YCNo8B5dcKiUTi8STVFr4a	606687",,,,,399991
"186NNqMXYh9PUym9rGUNqC5KoJSCdtLhV8	281288",,,,,535248
"174NVbudzKV1jZnZvRzKvauZxnq25NfG4v	277436",,,,,853639
"13oRbW4P5kYaSX4UXAyd5VsSYr8x5hX2Pv	123463",,,,,633506
"1Ju95NjsDsFwpk1RCefjbo8HUsTfPYk7HM	941089",,,,,977806
"18ELQSvQXNEGcEgMMwmaGCPCxUbzKp5ysu	304472",,,,,368818
"1PurSuJrBWbEakAv1yqXNQ3E5GUPC7RVK6	975557",,,,,954112
"16sAViRcvhQpU1G8gXEz5XRcBW6wQL2XC9	907738",,,,,511756
"1LHmHZsopMiGeG95ezXfdCiQbcfVFGQPvf	305483",,,,,257173
"1Af7CK8CC5Jvtv3e2fLfFHzcybcZDgSang	325650",,,,,899331
"14LsuyDkFAJNn9syRtrNwpizHMoKEDv25H	265998",,,,,201231
"1GAWoYEeDVU4pffjzhtDDSqNcJ5wk3C1Lq	563919",,,,,613260
"1NyR4WsbqiDv4nJpnkAizU7vgVR3sJrEZe	443960",,,,,910437
"15uWDfSU2SsGy1S1iZb4QK1PddhYXboozV	240258",,,,,176020
"1EExATaTFrJxFzytCrLk7WfLUEbE57Tzkd	869024",,,,,446360
"1BGDpwvRqnpdUgTjBsz5svUkfcX2sEweEt	259868",,,,,485090
"1MEzdoJiJG4USgJo7Q5N9w9i8VMkaJnMQX	808990",,,,,457979
"17hJLdvwXa6vdyPGmCYVEqc9qkxYdFrNV	350433",,,,,207106
"1H3JocD18dS2iPQvVF1p9NNYhX3Vd21dbL	951048",,,,,905510
"1NY4Npo6v69Kf8zEm3DPm1crbaGWWvDG92	523539",,,,,658370
"1FqAsDq9x3n5DSF82ki5B3zU9E9A3Ta5Aw	662207",,,,,539157
"1CJWTBiNfMrw31YhpkGtmCkMNTWoyUoN9R	373320",,,,,225659
"1ARHHBN2jUL2pPumCA93vJbrZHJksvMQfH	416122",,,,,454972
"1PooycRVcGFK8JUd1LHkosXDEg1ufRAP4n	404527",,,,,162189
"1FPsGEnvMMGaKTAaip34U3ev8RcEkFow4d	875341",,,,,879625
"1kh3rfdj92qJkU3VYUJMKoP9PGaa8H8cw	731029",,,,,433636
"15n8vUsL31DuKwZcs2QKx1r16yKu22CaxZ	790181",,,,,897245
"14mYYUZJPUMgofvURnFY65YRSj1uqDzXBj	631548",,,,,855716
"1FjwxxMuyTXDsqcSt2PqekiMrN3fjc2q7N	122211",,,,,423662
"1EUwqvcQVtKGYnWqwUbYB6jHk8BpdgNMnv	593040",,,,,901954
"14P8eoDf5hMxERBas71T1M4KVyj6pkxAsx	672372",,,,,397521
"1CEw7TuPwjoN8XwMnJZAGco6Pre1cZ9pQZ	573560",,,,,737138
"1C3h1PfQyYAj8hKFShhFoieradyuPput3a	229371",,,,,278680
"13RGbXHuHes5GT7SisXtqmykQ8a1sq45KH	175662",,,,,872201
"1C8FS8mLgWznHa93PoAAu4nPcspQeGraPB	247646",,,,,745399
"13jXheFUYKJ3miQoMwY22vbFEMDa4MGFPt	772594",,,,,624088
"1AGVdxDCA8LZ51HxZw44mK1bM8x2tA7KKe	422372",,,,,284594
"1FxkyjDb5CBMmYevvvCEfuNAVdHuKSJspi	170049",,,,,236584
"1JktnHJfPxd1Ef89Qa123QhCJ4gQZJ1xhv	880009",,,,,553869
"13h4WkkyzttKDzvVURhAdkfXSNEKLDRbnA	933583",,,,,596994
"18fyhdTm8G1mFBHSyQsEJnELkGWKnmpzy4	847348",,,,,516567
"1L4NcFCdi2aXb4ic4fvHCF76CS45r1A7Qc	250103",,,,,699066
"1D6GiWT49TCBu2y4pMKcCLuTfvHKfG1ro5	688312",,,,,760116
"14uByGebfPR3EDhA9sVvg4wXdBNbJYW753	479029",,,,,860065
"19Us2zWfN7QQvNspbDQpNDUHfzipcEQbeK	626290",,,,,303790
"1ABmYk4tm7pzmx1wZjwpyxrg1mKu4rPVDM	718714",,,,,503627
"19BWEzXB8yn3WpbMBC4rziFcSzwk53SPZy	747782",,,,,830846
"1PC9UzgYbCTs9cpAb3iTRkFKgcfCStq7o1	865891",,,,,574246
"1D6iTqvbgcqenbkKNsFsi9zN21KH4KPPEa	303483",,,,,611141
"1E6nViR5Xv1wyNXg87SamvtLJ5TyXuksLC	822889",,,,,912175
"1ucH94kaDDeddgiMpeHEZkp1CSUBNwWwp	926000",,,,,365622
"1K5Bg8JqxruVs2bsm7azxqqZ2K1ZwEV2nS	971075",,,,,972553
"1PUB9ZYMfis33xrvUFhuL5rsYYwYsDaTF5	435228",,,,,258370
"1AV4KGCsvtPZ9tG7hvwgb85wJyFd9xdpFv	540437",,,,,555889
"15jSiKNzCHgCy9LuwWRsa94hSP6sYaQnYw	970605",,,,,189841
"1HFmxYuKqZFBJgvJEcNmdzf2scDfobBrji	137461",,,,,474774
"1Ka3P89X8TZwxH5nsb7UjhW3sLGDPpcyEb	677276",,,,,774765
"1HjLMY9z7zWcbpXkXXcQQVDCGai2XLdCMe	184101",,,,,593338
"1Es6y2s2bAHXA2e9utWmBjG2CDRHiNU44L	407558",,,,,567055
"1DmXZ4UWKQ2AjwLAvEK8R6vmZe5jYoFUE6	345506",,,,,432446
"1AQ8pugmDsyTktt9QMqnZnbhXtfVQMGXw9	334165",,,,,629780
"158EytDSjXRBW1vTBuQUm2fzyr2aRP1Q4U	141153",,,,,188132
"1ECrxs64acyidHHEVyiUDcdSk5mvDGNfHG	627784",,,,,803696
"1413GGFar7qQbGUyENCFtHrJMGJJQMrVr7	891746",,,,,831927
"1KWVyqDAJwNS6doztW8qxjrydPadFmvuK6	994548",,,,,226841
"16YPVdeHz2S5bgxrEz6eTctSVAZmHrA3tG	806327",,,,,657377
"1wf9wXGRc9Nriq17N74uAmuYXgmPL65ZD	596444",,,,,384691
"1NScGjCDbwKKQhrUgQVhvkiWTiqDR2GaLY	535334",,,,,759454
"1AHnWTuwGVtTuYbKY9GAMv2EFqLJ5fTXBb	797181",,,,,852943
"1FhLExX7gBeq3v6qiMSe5KXrKVwKxZSkbJ	477520",,,,,565398
"145fpEV9Yc8zeCmJjtgxxj2ycS5JU6BzZp	588644",,,,,360601
"139Gqqx4TESNaX1DAg5jRJCd3P22GGS1E1	133208",,,,,838463
"1AzY8k6JRyXBtGqHoTtkakmAieGqQespJo	664743",,,,,191394
"1HLGeEydejTomo3jAUvBbmLsN2CfcZHm6p	228952",,,,,187593
"1JqdadgxgxrnbEnfvohxtaSNbHt52kVLtC	791989",,,,,535738
"1A25ntUoPGhUHDzktEMKnpr5jaQsmsaGEH	747653",,,,,454454
"1GmaDPhXZv64sxavVUbT8ygv8JJBFcTeGz	482905",,,,,818126
"177uDRuzEZjQfaZsejW7z66NBdzsaSpoZS	696206",,,,,781199
"1MXzQATc15HZtowpoqkRFZmg9VgWqff8JU	580851",,,,,212191
"1AM5Hvw8uHhSLFaH4jBNWeo5J9N5VttSyi	170933",,,,,642264
"14dEZra1nBGc1tcH6vVqm71XR3F6vKtk1i	378830",,,,,716306
"1tpHPkhAapCPwwUn9swfBgURa447xESxb	985443",,,,,804226
"1QJpBDssSJcgyLUwbeiwidSb8wqA3Xa4cW	753084",,,,,677245
"16d1yGrEDqSY1xhCnAUWrkahGY2mkWdAYk	200375",,,,,599360
"1EAGrEAgwHagNende872iWiKrej4s2qH2o	228892",,,,,344611
"1MbMBHj1M1nhUqrkZ2vUgbARqACvK6WTLj	482987",,,,,118415
"13gur15c7ByunWWF6aPm71iQmiQwaiQJ8C	530750",,,,,767185
"194NMkL75CgrfFgd8D1r8ELftreUxQXhgG	309543",,,,,486136
"1FiSpNzZTFpZqPbK1EuUv6eYjQjYcAa6S5	766559",,,,,246643
"13xrwzWgUKkHqUr66yKfxZkLJwksM8D29Z	274589",,,,,539475
"183xgRnD2AEsQvgv5sigCYdoQJAv8qePz4	471492",,,,,353351
"1GKLtcmrd5vUdsBrNydX2nXKMjXFNNkT6N	806795",,,,,346535
"1BvwfJAjwn6qcGE9VAsofeohDvkxsYnbwB	614818",,,,,904391
"1CvLbAcJenMhQ4vU5AkYpmRQ23scbekxLu	211110",,,,,112362
"1HekMdWhY4smXJSAxdp2g9qQdXEdZAUcDs	294992",,,,,197543
"1DaBE4vheSefEobnBk5bk2Da9vmGEoD3hv	346053",,,,,195567
"1AfvKpfgunDqRPvtBpioKQFnBRv67fMGXH	629120",,,,,946582
"14ResTzJYh5t9xDqtEsgCfXNjaWNSuA5uQ	504303",,,,,646738
"17cSbCvv8vFMpA8A74qaTDzFYbopYhLaAE	709785",,,,,320975
"1Bv329xFXugcUnd88nqyjbFjEK3CmrfEfu	781004",,,,,379046
"1BW8352CQkRsG3GSjqwLzpChNHcrgyBtgn	578101",,,,,572769
"1Efw4aBjJ5jwDvun87o23sRoeBghYRWjj9	267551",,,,,855408
"1EYf4wD6WK2Qysz9bbGQod6m2v4mQiEVPx	728877",,,,,570006
"1PJSFbfoqTsBkoEhvzfEtzPPXsXA2fhG2r	813912",,,,,895430
"1Pe3cpX1itLmD2Z9J5fHp9XwbpWPSeEooF	531225",,,,,844271
"1Dw9wnNfaRgdVf68VHPkNrPm6tNyPfxQNz	711329",,,,,198832
"1ErGu2c3QD2KvVx5maTFWvMesd8EasDWQH	962543",,,,,534907
"1AuQqbFBsmY1Zave7deTNBEJLoM9heFanj	842638",,,,,982788
"1BbHL19AgND8QxeitDZvjoUbP9hL9uyGeE	823326",,,,,997133
"1GkqY6YQB6WKC9Hjh8oP8yojDufDYRCXkq	417328",,,,,639873
"1357C1YnnkTJnfuSVFzgJbfWm99WmFXP1q	591166",,,,,357713
"1CaokQEP1NV2AeghKkJPsUGrMhaFEKyThU	700776",,,,,128013
"1Dq9aaxg3DJ6rXfhKE5jKYQmcK3SBuYy74	113616",,,,,533834
"1Cv5rXonUNVytF8aJTGx1WydZwmUsQUqsB	293833",,,,,897966
"1HwXX7Ay1BZwGGHk8qpU7FhynB7kypPXqb	387169",,,,,279820
"1CYs7tRUc1EP7u66zkCt1gxqKK5zkN8tmr	561607",,,,,854654
"1HHtU9xtXpKnaN3MfrLoWbcj6k3zEzM5gY	172061",,,,,555848
"17DyqrG622rLXNoEyF9wMFtX15wdKmT5qX	825698",,,,,294858
"1CgWbCpYXXzGHL4STTSeP2jDJwR9f8Vcqk	234843",,,,,226942
"15aKbxrQCJDEemv8LBeqE5mX6JikdporrZ	506186",,,,,470636
"1LvDvS3xKdsgyYi9CPwrNPtLfjd8jHCMM7	635375",,,,,318355
"1N3DBz1qBCAxhezRwkcfJbKs6PVyGJ72XL	253018",,,,,934275
"16fnJb1S6z1r9bCNBqJJfdEqnK24o1Cduq	575465",,,,,716606
"1FUGUiJFcsLktTAkexy2ghT3Kus7yyEuUJ	114027",,,,,639803
"13cCCfMwQjoiucYBHoJ2TLkSVCHHocPxct	225426",,,,,755831
"1x1nxKvuV15K5yC6nhA8jLfDGQeHvYnQ5	155171",,,,,937934
"19xjndVpGTqmFAC1ZL3gV6MpxJUMkvqSrd	240475",,,,,328272
"1As8xqSL2pg4VP65hhdaCPRtoWjdb8YZ8U	136279",,,,,874286
"1Pfub6udCJoYgMSTZePLSVVxRGFSEb6T7b	297907",,,,,955563
"1AMaHmTYzvg77vap1KsYmtgS579M8kXtzw	706149",,,,,222620
"1F6aQVRg1aWB5K63fNcaA79o9Xoik27GM	847360",,,,,650800
"1FJLt5DadtQD8QD6FiXaAQ3ijBCQAXspuv	124301",,,,,159097
"1Kft5xoTFtee1YGrw28QDeji1CwfpYHE9D	961106",,,,,626022
"12bFfEEyw8MwT2oan8Tv99Cw15kYKL6aiJ	902242",,,,,196500
"18jKL4uQ1rerLzE8T5kjrwGzG19zJKqXUM	384485",,,,,868763
"1Ee3rLap7y5byLHZnkHuuJjZ2eoYNsB9t3	461048",,,,,994692
"1LuG91tcSQxKj32BsCoRkX7yQLfj9LtkCs	293985",,,,,886335
"1BmU4dAJAKEaDuj3Eswc66UxjbHWdVWu4F	461019",,,,,556279
"12ptecPurdpBcaaYUSqPHupvJkK5Wd5Y3A	196689",,,,,635464
"1D6Qys1cxFn52V6FAhLZbFee3d5Sxz86Yo	447312",,,,,473354
"1B2AF6a9tiDNRHopMU9MGRh2PBNRFvbMsa	610205",,,,,784202
"15kN4RRGAWapscJjSg1VEKbrWtNf192pwk	869360",,,,,729149
"1JSvV7gptDSr4UL7ZAHiTyRD771zrnbNjY	281030",,,,,144793
"1NixSbdF9r5f42VqUP4CFfc9RqTm8fk2dD	457058",,,,,139695
"18XrnwWLpMb46VGzphN47sWQYuohksWboG	667769",,,,,780367
"1APcyzJrdNQ5oGGTGx2fbNxFCPVQY94FqQ	264401",,,,,590869
"1ttbittW23Ds4MhaxRYJFv8BP3K8gq7NE	340314",,,,,902265
"1E6yDbscpMS6mmvUGu2s7ewbiWeR9T4ToZ	187518",,,,,455459
"1AhzxrgcqW5QWdcq94zhaeL1ssyzs1MiGE	657761",,,,,330510
"1Fd7s4zb2UkcngkprLXLJ7xbkJrXidDVD8	750914",,,,,808219
"1AFt9LXt7Lm6bQJngYuK1HSwLkpeNfBh3x	717353",,,,,955146
"1BA63kyFxPAvdfnNLZZZG5g4mgnGvdmyYp	849831",,,,,573804
"1J4TEy5eEe8C3oT1AMQn9VNbEsXR5vzufA	531060",,,,,923367
"1EWmXcXRNFFcaw8EBHMaPdG5Z3vHuQjXsh	461848",,,,,137220
"1Mwe3Wpd4KU6aHZrBRGH1nzQyY24a37rG4	582223",,,,,774436
"1AXnywYwZ48Y2fdiettxNXiKxZFWxtozUw	390003",,,,,400816
"1NWsSMbfG6zMejUzu4M2VKbHsN2TV2H8vN	129314",,,,,824813
"1KewyNAuJqeDiUDzrkNzKjmr5vrxfuWMa1	180967",,,,,168868
"1BNty8QmqP6RJCMhFEhAss3MBydSzrLdvZ	119528",,,,,757078
"1DVhLA2eZgtj6kJBXx1G2h5zifHsqx3uB9	503269",,,,,164261
"1khtYnupZ49ef6RYMSigDsWrMVye4gpYF	912415",,,,,984738
"14aXtquppW1WZa8RGaQ3sBXwfPK23cq93o	421345",,,,,942536
"18iJBAX3BRVZT2i5vkh73TUM9UvAN1ASE3	492164",,,,,360876
"1DTaZCv6a25f2ktdEqrzN7JNDr4tKfXJmb	842902",,,,,306207
"1AQGBm55r7cT7mEf6dEpA4YcjVAqiNeuLa	934303",,,,,578580
"15dBwNL23XziPSbaB9SDhong5VRAGWfiHe	944661",,,,,135189
"1ABAe1P1SLD9eMBQn9wPzvbWnUYt1a9v5F	992191",,,,,224389
"18vhdWUX2QifFfHYTZQnDARtU4g9QLsfDm	659731",,,,,607956
"1EvinGWtPepLtjwWJ375CsrEFt5DbhBkFR	334938",,,,,211454
"1ANwcnUZVPAYSdTyWqf2Z1y33iXVqC6gXo	324494",,,,,334145
"146UjxCPJWmj2qFjyz13hPj8ovSkYnW5bQ	298451",,,,,916157
"1PLF9UPwsgp5JAeZdP4zZhSoEAiJ1nza9Y	667309",,,,,240674
"1EvuTMqGpyLNVFyB2wU1QnZNEi8WnqzpcE	726112",,,,,859844
"15eSCVaJFFXbFitzNxWwUUCEwpS2dkZK2G	976800",,,,,230878
"18eW5diQ6R32XnwFKTHXfg7NbPBWk6aMJi	272477",,,,,291195
"165JPvFVSTLqV8seGzY7mumNpzysVSoTKc	866867",,,,,516694
"145694UvbFWfaHy9267DeGRET5BfpXHAeu	882724",,,,,916456
"1EME3bUtFhuJvnRXdfjZqwauVvBjtQ3Zre	990954",,,,,397022
"1APMXEM4SUeR9WBwvUVjAponH9vzeG2fjp	320330",,,,,340412
"19UfvGprWU6ffvSNmxYPGTHM2PhAbBF87a	479016",,,,,971378
"1MVLP2kRPNqz8VJUy83LstUoMQzUjgq4Zg	571067",,,,,304177
"134Ec8UxindbvooAnLodpKob12KmHPy1kq	286442",,,,,111880
"1B2KQvEL2wyWiBmxg5rNbHCU4zQmGDgiwH	155781",,,,,530678
"1898vUcaBgAjngsNkJ4eqDjTvNGbeV4qCw	184244",,,,,428668
"16csXpnkFjXTuMCwx8ockEJekkLJ421p39	458657",,,,,788549
"1B4h9xmPiZxWKWogk7BYTiehmJeKjBVsmg	860504",,,,,633235
"1FUUWKC86ygAybuWZtASqQ25wGRQqMoH1u	821203",,,,,149611
"1C46abc54VRYE6JgMzYKWCk4xZWBjEFNQg	170317",,,,,213259
"1MhrtxwaDxmDtH7MS1a7sjUCjexEyT2d1g	727716",,,,,408777
"1H465VazBASis1MBBMfDJxekVyN4rdc1bH	342142",,,,,735291
"1MomQE3dNFaYPRUwchrV2uHAph6Yxb3atB	797292",,,,,451141
"12WLJR2NoAe4hgHRAPN4u326hN4bdwCVS9	991093",,,,,228216
"1HajX5KNKpLVYVCgd4qdRoVmpxDEPUatTY	986080",,,,,875741
"1NFRZyxyjquBPtFxFuXrvbCR2PTw3ynSf1	995732",,,,,344811
"1HoDEaasMcFjZ4vuk5dks3k3RgC48qtix	709231",,,,,464357
"12Vnhzm8pb9ij71MRwuDip2iyQvT1eWdRb	254186",,,,,615960
"19ZJkcBJ7RTuCvTRhr7GedXgogQkn2g1fP	375299",,,,,691238
"1k7rio1YLfhN2JfaAsmsy3PT2oUdqiy8J	784180",,,,,368201
"18aQubkBvMV9GqBCy7nPjfpdN8uCZiFQrC	793480",,,,,222614
"1J6pJ7SPaUsstbtYhZeARg2psp2uKTbTw9	297547",,,,,552421
"1AwLtzAskCv72BUn1dLQM2HRHBqyd9AyX2	919189",,,,,689988
"122CoHJKnbPNXNcYP5wRJH68eCPQipZYXH	809512",,,,,185783
"19E8QujA7QEmLm81fncHoUchs54FUWnmSW	197593",,,,,350465
"1B4V46MSsf9EeUWuwm43en21BoKSrv13JS	324831",,,,,902949
"14E4jGeo7Gys3DvQThT9AiEq3yvmcpRZ27	218604",,,,,507099
"1J1rj7ciHaTMotT9DL875hXEDdcKLiypJ4	141790",,,,,830373
"1D6cSscZFwj7bVEoUiguKehRvjWVnYoxKc	544022",,,,,946800
"1HGf6mHbEXisyA15fjj91kJVxND4Edk1er	837991",,,,,739112
"1KmJPvwzBeq19cB2snNxDJjndvaZx1t7Qw	810500",,,,,549142
"13ZZLtufs8wAQMKtnmSbZqgX96mwUsf26G	921052",,,,,815301
"1H9t3GyL88aaVqxfmXURzBGgUVmcSrNX3R	348246",,,,,897943
"1HaRnpXaPmXWqVMNfAhzX9yiPMWTw1VEqt	975779",,,,,478288
"18qsKAbiDv1pxZ5ELdjo7MgEYZHrPd41Ga	585660",,,,,843631
"15yu58aPh9ZFhJWwZtxFbECwQkhJDWBRhV	778511",,,,,520401
"1DcPuwL9moEeCemramcaNcouyyhs8HSzmf	415494",,,,,126486
"1EDjv19kg3gqK4gPLty2fQdA7zsntSgS9b	756359",,,,,194195
"1E86JGYdGkrSykaaCoCm6FVgbX95sKTXeR	425586",,,,,452426
"1KrSG2bKcZFG7EE6QabfctrT5Jx8mXrU8b	399375",,,,,664932
"184dTz25ZFL59cp918qHFk89m9N3AqwevV	561737",,,,,123712
"1HgnYAunQkSfvMtnyCDgGL6RZ5CYL46vH6	330279",,,,,707905
"1LHiVTaG65NDfZRxFqPa1NC6ad21GgP5kk	782619",,,,,984527
"1PNe4FrZAYc8ucEwsrV5tAFebHWEzBmuKj	255609",,,,,732803
"1BgD7Hng1dMJheysegwdbZYYUjwUimVUxP	645620",,,,,984885
"1CEzFkiEWigUgVY6o353VySne2faH8Fz89	901728",,,,,843482
"19K3UU6g2PdDir57gyqfxj4ibXg5KkZQK9	576090",,,,,295098
"12UH11CYxuYXdo71fPNErFchv1mRTC5qLF	326113",,,,,997581
"1Ctykq5qXdD1iCBkwqGMfQgaGkRjW5vRiH	656958",,,,,213639
"12At4GGP8J5p4MtdjNy1SPSkqKEM1mw2FS	298720",,,,,585897
"1My28zb8bASxa7RVwDBAuYyuy56o3FFzug	586411",,,,,730686
"152ygjcJuDq4jyyoZREmVZpD54Wkwm17TY	327949",,,,,318289
"1LhNJVofhAuHSkfBmweR6CuyYSdivYXK4t	257533",,,,,531051
"1AYdAw8CcrQ2wx55LTbFHRn5bxgNZhaRLW	670797",,,,,399195
"1Dq4STmUE36XCcio3Xy2nu3Mv47quxdXXe	908562",,,,,204995
"1Lg37Ag3SsCdd89n6FnzeBxqBQrnLj5uHJ	210944",,,,,738608
"1Gfstq2yG8JjuLLpxqbciDQefsyH2GSLhQ	831270",,,,,960342
"15GmHBAes3aLfkbqBXkSQjyjAqrUjZSzM3	340067",,,,,596343
"1D4rcxBCbvjAnMwjU1W9PGaMyT4aAxfCVT	117737",,,,,159746
"1EfYrATWqNHRdkWrAYFXo9nttQHUMomnfT	708808",,,,,951666
"1N5ACP9k2wRUgC3siFRu45MoR9Xkvb6Wmc	996242",,,,,719202
"1cMkcqKjUemzhJaCqVSvoUNseqmc1zs35	146387",,,,,824701
"18ge7K3bYhHpfSUBRnRPYYBw7BrkUBYE3Y	511206",,,,,680736
"12yqUYtcCvDgiDgzJTT7DsSCoSifwYavhH	429499",,,,,969528
"1HLpRZ8uW2hrrxbJFHUWeUsLvy9L8L63ne	647278",,,,,608774
"14cZMQk89mRYQkDEj8Rn25AnGoBi5H6uer	698671",,,,,690475
"1JvYa3L9YBmk3UBKP5bksQ6KCGyXfaDiso	647242",,,,,213019
"1Fh9RnqShW8GnfEUNxRmfcrkNXEaA7GUUH	684729",,,,,872627
"1Dd3QKnvAZC17SvguLq8aoi8JLtQfr532P	640162",,,,,585029
"1NiZyCWd8C7yhny2AaAbTTWU7AVVBFReg2	200614",,,,,870986
"1912GD9shwVdE6nSoGYaUhWukQ5iWUcqDJ	836911",,,,,294151
"1HbYwSRYdP9vsczHuxwoKuG63aRUfJmF7J	831538",,,,,211599
"1BHNzooSk7iiukX7wYQuwmT3myVW94N9fg	127939",,,,,715426
"1G1RQQEEMeg5KoJjxiLja3r5vRDaXp8anw	610646",,,,,714233
"16oLyqF2PJKUpJrHCmXCZ3veqX1J7XbTmJ	295435",,,,,315643
"16TessrUKp1VxbeSmtxbuZMM6pcPjMNR7p	745161",,,,,844188
"1AJurpGTNER2YC4Tm7uEZH8JwoNMjxGuiw	352122",,,,,621652
"1Lv5RFuvrSpecn5hcPbBJH7x4XHuPxcKh3	679256",,,,,526000
"1Lv5RFuvrSpecn5hcPbBJH7x4XHuPxcKh3	624825",,,,,948820
"1E4Hd8h2gnRyQhpWrFcGG66BM8YvoCtXAb	389200",,,,,219288
"1KmaiBSWEwmLcmq1TZzEJqwvmchS6t2n3E	880217",,,,,335278
"1K4VSNMNqnmngpTXdny8a6xj9cfvyTtFfV	413402",,,,,476242
"1rHfXj4AwH9zymwwJuXnbXLiDbAE9V1uz	741955",,,,,379025
"1A8UV8Xq9jVQafb3JagzBycgJUMtnEtaTY	646982",,,,,676987
"1CBiKpBvpsh3sxpsscTUmNSJhj4T7AhrCs	421237",,,,,240158
"1Gg8kPJrgxqeMN68oDzAzb3rY339UhwZ3o	953155",,,,,597686
"1PiEKBgsBmCT4VuwFKLdGpXMNh99ebMPf	549433",,,,,359599
"13Xr4ydJxnXEWztJKxXNTQM8hsnW8rYyDx	450588",,,,,475800
"17wuwdTFcUeyZt6rMzVW4nEpgbWTLuWSWt	386351",,,,,796532
